品牌,名稱,處理器
Apple,Apple iPhone 7 256GB,A10
Apple,Apple iPhone 7 32GB,A10
Apple,Apple iPhone 7 128GB,A10
Apple,Apple iPhone 7 Plus 128GB,A10
Apple,Apple iPhone 7 Plus 256GB,A10
Apple,Apple iPhone 7 Plus (PRODUCT)RED Special Edition 256GB,A10
Apple,Apple iPhone 7 Plus 32GB,A10
Apple,Apple iPhone 7 Plus (PRODUCT) RED Special Edition 128GB,A10
Apple,Apple iPhone 8 Plus (PRODUCT) RED Special Edition 64GB,A11
Apple,Apple iPhone 8 256GB,A11
Apple,Apple iPhone 8 Plus (PRODUCT) RED Special Edition 256GB,A11
Apple,Apple iPhone 8 Plus 64GB,A11
Apple,Apple iPhone X 64GB,A11
Apple,Apple iPhone 8 (PRODUCT) RED Special Edition 64GB,A11
Apple,Apple iPhone 8 128GB,A11
Apple,Apple iPhone 8 Plus 128GB,A11
Apple,Apple iPhone 8 64GB,A11
Apple,Apple iPhone 8 (PRODUCT) RED Special Edition 256GB,A11
Apple,Apple iPhone 8 Plus 256GB,A11
Apple,Apple iPhone X 256GB,A11
Apple,Apple iPhone XR 256GB,A12
Apple,Apple iPhone XS 512GB,A12
Apple,Apple iPhone XR 64GB,A12
Apple,Apple iPhone XS Max 256GB,A12
Apple,Apple iPhone XS 256GB,A12
Apple,Apple iPhone XS 64GB,A12
Apple,Apple iPhone XS Max 64GB,A12
Apple,Apple iPhone XR 128GB,A12
Apple,Apple iPhone XS Max 512GB,A12
Apple,Apple iPhone SE (第2代) 256GB,A13
Apple,Apple iPhone SE (第2代) 64GB,A13
Apple,Apple iPhone 11 Pro 64GB,A13
Apple,Apple iPhone 11 Pro Max 64GB,A13
Apple,Apple iPhone 11 Pro Max 512GB,A13
Apple,Apple iPhone 11 Pro 512GB,A13
Apple,Apple iPhone SE (第2代) 128GB,A13
Apple,Apple iPhone 11 Pro 256GB,A13
Apple,Apple iPhone 11 256GB,A13
Apple,Apple iPhone 11 Pro Max 256GB,A13
Apple,Apple iPhone 11 64GB,A13
Apple,Apple iPhone 11 128GB,A13
Apple,Apple iPhone 12 mini 64GB,A14
Apple,Apple iPhone 12 64GB,A14
Apple,Apple iPhone 12 Pro Max 512GB,A14
Apple,Apple iPhone 12 Pro 256GB,A14
Apple,Apple iPhone 12 Pro 128GB,A14
Apple,Apple iPhone 12 256GB,A14
Apple,Apple iPhone 12 mini 128GB,A14
Apple,Apple iPhone 12 Pro 512GB,A14
Apple,Apple iPhone 12 mini 256GB,A14
Apple,Apple iPhone 12 Pro Max 256GB,A14
Apple,Apple iPhone 12 Pro Max 128GB,A14
Apple,Apple iPhone 12 128GB,A14
Apple,Apple iPhone 13 Pro Max 1TB,A15
Apple,Apple iPhone SE (第3代) 128GB,A15
Apple,Apple iPhone 13 mini 128GB,A15
Apple,Apple iPhone SE (第3代) 256GB,A15
Apple,Apple iPhone 13 mini 512GB,A15
Apple,Apple iPhone 13 mini 256GB,A15
Apple,Apple iPhone 13 Pro Max 128GB,A15
Apple,Apple iPhone SE (第3代) 64GB,A15
Apple,Apple iPhone 13 Pro Max 256GB,A15
Apple,Apple iPhone 13 Pro 512GB,A15
Apple,Apple iPhone 13 Pro Max 512GB,A15
Apple,Apple iPhone 13 Pro 128GB,A15
Apple,Apple iPhone 13 Pro 1TB,A15
Apple,Apple iPhone 13 256GB,A15
Apple,Apple iPhone 13 128GB,A15
Apple,Apple iPhone 13 Pro 256GB,A15
Apple,Apple iPhone 13 512GB,A15
Apple,Apple iPhone 5S 16GB,A7
Apple,Apple iPhone 5S 64GB,A7
Apple,Apple iPhone 5S 32GB,A7
Apple,Apple iPhone 6 16GB,A8
Apple,Apple iPhone 6 Plus 16GB,A8
Apple,Apple iPhone 6 64GB,A8
Apple,Apple iPhone 6 Plus 64GB,A8
Apple,Apple iPhone 6 Plus 128GB,A8
Apple,Apple iPhone 6s 32GB,A9
Apple,Apple iPhone SE (第1代) 16GB,A9
Apple,Apple iPhone 6s Plus 64GB,A9
Apple,Apple iPhone SE (第1代) 32GB,A9
Apple,Apple iPhone 6s 64GB,A9
Apple,Apple iPhone 6s Plus 16GB,A9
Apple,Apple iPhone SE (第1代) 128GB,A9
Apple,Apple iPhone 6s Plus 128GB,A9
Apple,Apple iPhone SE (第1代) 64GB,A9
Apple,Apple iPhone 6s 128GB,A9
Xiaomi,Xiaomi 小米 Redmi Note 10 Pro 5G (6+128GB),Dimensity 1100
Xiaomi,Xiaomi 小米 POCO X3 GT (8+128GB),Dimensity 1100
Xiaomi,Xiaomi 小米 POCO X3 GT (8+256Gb),Dimensity 1100
Xiaomi,Xiaomi 小米 11T 5G (8+128GB),Dimensity 1200
Vivo,Vivo X70 5G (8GB+128GB),Dimensity 1200
realme,realme GT Neo 閃速版 5G (8+128GB),Dimensity 1200
Oppo,Oppo Reno7 Pro 5G (12+256GB),Dimensity 1200
OnePlus,OnePlus Nord 2 5G (12+256GB),Dimensity 1200-AI
OnePlus,OnePlus Nord 2 5G (8+128GB),Dimensity 1200-AI
Xiaomi,Xiaomi 小米 11T 5G (8+256GB),Dimensity 1200-Ultr
Doogee,Doogee V10 5G (8+128GB),Dimensity 700
OUKITEL,OUKITEL WP13 (8+128GB),Dimensity 700
Xiaomi,Xiaomi 小米 Redmi 紅米 Note 10 5G (6+128GB),Dimensity 700
Xiaomi,Xiaomi 小米 POCO M3 Pro 5G (4+64GB),Dimensity 700
Xiaomi,Xiaomi 小米 POCO M3 Pro 5G (6+128GB),Dimensity 700
Doogee,Doogee V20 5G (8+256GB),Dimensity 700
Blackview,Blackview BL5000 (8+128GB),Dimensity 700
OUKITEL,OUKITEL WP15 5G (8+128GB),Dimensity 700
UleFone,UleFone 歐樂風 Armor 12 5G (8+128GB),Dimensity 700
Samsung,Samsung 三星 Galaxy A22 5G (6+128GB),Dimensity 700
Xiaomi,Xiaomi 小米 Redmi Note 10 5G (4+128GB),Dimensity 700
Xiaomi,Xiaomi 小米 Redmi Note 10 5G (4+64GB),Dimensity 700
Samsung,Samsung 三星 Galaxy A22 5G (4+64GB),Dimensity 700
realme,realme Narzo 30 5G (4+128GB),Dimensity 700
Vivo,Vivo Y76 5G (8+128GB),Dimensity 700
Hotwav,Hotwav Cyber 7 5G (8+128GB),"Dimensity 700,"
Samsung,Samsung 三星 Galaxy A32 5G (8+128GB),Dimensity 720
Xiaomi,Xiaomi 小米 Redmi Note 11 5G (4+128GB),Dimensity 800
OUKITEL,OUKITEL WP10 5G (8+128GB),Dimensity 800
UleFone,UleFone 歐樂風 Armor 11T 5G (8+256GB),Dimensity 800
UleFone,UleFone 歐樂風 Armor 11 5G (8+256GB),Dimensity 800
UleFone,UleFone 歐樂風 Armor 10 5G (8+128GB),Dimensity 800
Oppo,Oppo Reno4 Z 5G (8+128GB),Dimensity 800
Blackview,Blackview BL6000 Pro 5G (8+256GB),Dimensity 800
Motorola,Motorola Edge 20 Fusion 5G (8+128GB),Dimensity 800U
realme,realme 7 5G (8+128GB),Dimensity 800U
realme,realme 7 5G (6+128GB),Dimensity 800U
Oppo,Oppo Reno5 Z 5G (8+128GB),Dimensity 800U
Vivo,Vivo V21 5G (8+128GB),Dimensity 800U
Xiaomi,Xiaomi 小米 Redmi Note 11S 5G (4+128GB),Dimensity 810
Xiaomi,Xiaomi 小米 POCO M4 Pro 5G (6+128GB),Dimensity 810
Xiaomi,Xiaomi 小米 POCO M4 Pro 5G (4+64GB),Dimensity 810
UMIDIGI,UMIDIGI Bison GT2 Pro 5G (8+256GB),Dimensity 900
UMIDIGI,UMIDIGI Bison GT2 5G (8+128GB),Dimensity 900
OnePlus,OnePlus Nord CE 2 5G (8+128GB),Dimensity 900
Oppo,Oppo Reno7 5G (8+256GB),Dimensity 900
Honor,Honor 榮耀 X30 Max 5G (8+128GB),Dimensity 900
realme,realme 9 Pro+ 5G (8+256GB),Dimensity 920
realme,realme 9 Pro+ 5G (6+128GB),Dimensity 920
Xiaomi,Xiaomi 小米 Redmi Note 11 Pro+ 5G (8+256GB),Dimensity 920
Xiaomi,Xiaomi 小米 Redmi Note 11 Pro (6+128GB),Dimensity 920
Xiaomi,Xiaomi 小米 Redmi Note 11 Pro+ 5G (6+128GB),Dimensity 920
Xiaomi,Xiaomi 小米 Redmi Note 11 Pro+ 5G (8+128GB),Dimensity 920
Vivo,Vivo V23 5G (12+256GB),Dimensity 920
Vivo,Vivo V23 5G (8+128GB),Dimensity 920
Oppo,Oppo vivo X60 曲屏版 (8+128GB),Exynos 1080
Samsung,Samsung 三星 Galaxy M33 5G (6+128GB),Exynos 1280
Samsung,Samsung 三星 Galaxy A53 5G (8+256GB),Exynos 1280
Samsung,Samsung 三星 Galaxy A53 5G (8+128GB),Exynos 1280
Samsung,Samsung 三星 Galaxy A8+ (2018) (6+64GB),Exynos 7885
Samsung,Samsung 三星 Galaxy A30 (4+64GB),Exynos 7885
Samsung,Samsung 三星 Galaxy A30s (4+128GB),Exynos 7904
Samsung,Samsung 三星 Galaxy M20 3+32GB M205F-DS,Exynos 7904
Samsung,Samsung 三星 Galaxy A30s (4+64GB),Exynos 7904
Samsung,Samsung 三星 Galaxy A21s (4+64GB),Exynos 850
Samsung,Samsung 三星 Galaxy M12 (3+32GB),Exynos 850
Samsung,Samsung 三星 Galaxy M12 (4+64GB),Exynos 850
Samsung,Samsung 三星 Galaxy A13 4G (4+128GB),Exynos 850
Samsung,Samsung 三星 Galaxy M12 (4+128GB),Exynos 850
Samsung,Samsung 三星 Galaxy A21s (6+64GB),Exynos 850
Samsung,Samsung 三星 Galaxy XCover 5 G525F (4+64GB),Exynos 850
Samsung,Samsung 三星 Galaxy A13 4G (4+64GB),Exynos 850
Samsung,Samsung 三星 Galaxy A21s (4+128GB),Exynos 850
Vivo,Vivo Y70t 5G (8+128GB),Exynos 880
Samsung,Samsung 三星 Galaxy A50 (4+128GB),Exynos 9610
Samsung,Samsung 三星 Galaxy A50 (4+64GB),Exynos 9610
Samsung,Samsung 三星 Galaxy A51 (4+128GB),Exynos 9611
Samsung,Samsung 三星 Galaxy A51 (8+128GB),Exynos 9611
Samsung,Samsung 三星 Galaxy A51 (6+128GB),Exynos 9611
Samsung,Samsung 三星 Galaxy A50s (6+128GB),Exynos 9611
Samsung,Samsung 三星 Galaxy M31 (6+128GB),Exynos 9611
Samsung,Samsung 三星 Galaxy M21 (4+64GB),Exynos 9611
Samsung,Samsung 三星 Galaxy A51 5G (6+128GB),Exynos 980
Vivo,Vivo X30 Pro 5G (8+128GB),Exynos 980
Vivo,Vivo X30 5G (8+128GB),Exynos 980
Samsung,Samsung 三星 Galaxy A71 5G (8+128GB),Exynos 980
Samsung,Samsung 三星 Galaxy Note10 Lite (8+128GB),Exynos 9810
Samsung,Samsung 三星 Galaxy Note10 5G (12+256GB),Exynos 9825
Samsung,Samsung 三星 Galaxy M62 4G (8+256GB),Exynos 9825
Samsung,Samsung 三星 Galaxy S20 FE 4G (8+256GB),Exynos 990
Samsung,Samsung 三星 Galaxy S20 FE 4G (8+128GB),Exynos 990
Google,Google Pixel 6 Pro (12+512GB),Google Tensor
Google,Google Pixel 6 Pro (12+128GB),Google Tensor
Google,Google Pixel 6 (8+128GB),Google Tensor
Google,Google Pixel 6 (8+256GB),Google Tensor
Google,Google Pixel 6 Pro (12+256GB),Google Tensor
UleFone,UleFone 歐樂風 Armor 7 (8+128GB),Helio
Caterpillar,Caterpillar S42 (3+32GB),Helio A20
UleFone,UleFone 歐樂風 Armor X7 Pro (4+32GB),Helio A20
Caterpillar,Caterpillar S42H+ (3+32GB),Helio A20
Infinix,Infinix Infinix Smart 5 (2+32GB),Helio A20
Infinix,Infinix Hot 10 Lite (2+32GB),Helio A20
F150,F150 H2022 (4+32GB),Helio A22
Blackview,Blackview BV4900 (3+32GB),Helio A22
Nokia,Nokia 2.3,Helio A22
OUKITEL,OUKITEL WP12 (4+32GB),Helio A22
OUKITEL,OUKITEL C22 (4+128GB),Helio A22
Blackview,Blackview BV5900 (3+32GB),Helio A22
OUKITEL,OUKITEL K15 Plus (3+32GB),Helio A22
Xiaomi,Xiaomi 小米 紅米6A (3+32GB),Helio A22
Doogee,Doogee X95 Pro (4+32GB),Helio A22
UleFone,UleFone 歐樂風 Armor X8 (4+64GB),Helio A25
UleFone,UleFone 歐樂風 Armor X5 Pro (4+64GB),Helio A25
Doogee,Doogee N30 (4+128GB),Helio A25
OUKITEL,OUKITEL K9 Pro (4+64GB),Helio A25
Nokia,Nokia G10 (4+64GB),Helio G25
Xiaomi,Xiaomi 小米 紅米 Redmi 9A (6+128GB),Helio G25
Xiaomi,Xiaomi 小米 紅米 Redmi 9A (2+32GB),Helio G25
UMIDIGI,UMIDIGI A11 (3+64GB),Helio G25
UMIDIGI,UMIDIGI A11 (4+128GB),Helio G25
F150,F150 B2021 三防手機 (6+64GB),Helio G25
UMIDIGI,UMIDIGI Power 5 (4+128Gb),Helio G25
Xiaomi,Xiaomi 小米 紅米 Redmi 9A (4+128GB),Helio G25
Xiaomi,Xiaomi 小米 紅米 Redmi 9A (6+64GB),Helio G25
UMIDIGI,UMIDIGI Power 5 (3+64Gb),Helio G25
Xiaomi,Xiaomi 小米 紅米 Redmi 9C (4+128GB),Helio G35
Xiaomi,Xiaomi 小米 紅米 Redmi 9C (2+32GB),Helio G35
realme,realme C21 (4+64GB),Helio G35
realme,realme C15 (4+64GB),Helio G35
realme,realme C11 (2+32GB),Helio G35
realme,realme C15 (4+128GB),Helio G35
Xiaomi,Xiaomi 小米 紅米 Redmi 9C (3+64GB),Helio G35
Infinix,Infinix Hot 10 Play (4+64GB),Helio G35
realme,realme C3,Helio G70
realme,realme 6i (4+128GB),Helio G80
Samsung,Samsung 三星 Galaxy A32 4G (8+128GB),Helio G80
Samsung,Samsung 三星 Galaxy A32 4G (6+128GB),Helio G80
Samsung,Samsung 三星 Galaxy A22 (4+64GB),Helio G80
Samsung,Samsung 三星 Galaxy A22 (6+128GB),Helio G80
UMIDIGI,UMIDIGI A11 Pro Max (8+128GB),Helio G80
Infinix,Infinix Note 8 (6+128GB),Helio G80
Xiaomi,Xiaomi 小米 紅米 Redmi 9 (4+64GB),Helio G80
UMIDIGI,UMIDIGI Bison Pro (8+128GB),Helio G80
Xiaomi,Xiaomi 小米 Redmi 9 (4+128GB),Helio G80
Xiaomi,Xiaomi 小米 Redmi 9 (6+128GB),Helio G80
Vivo,Vivo Y21s (4+128GB),Helio G80
Xiaomi,Xiaomi 小米 紅米 Redmi 9 (3+32GB),Helio G80
Samsung,Samsung 三星 M32 (8+128GB),Helio G80
Xiaomi,Xiaomi 小米 Redmi 10X 4G (6+128GB),Helio G85
Infinix,Infinix Infinix Hot 10s (4+128GB),Helio G85
Infinix,Infinix Infinix Hot 10s (6+128GB),Helio G85
Infinix,Infinix Note 10 (6+128Gb),Helio G85
Xiaomi,Xiaomi 小米 紅米 Redmi Note 9 (4+64GB),Helio G85
realme,realme C25s (4+128GB),Helio G85
realme,realme Narzo 50A (4+128GB),Helio G85
Xiaomi,Xiaomi 小米 紅米 Redmi Note 9 (4+128GB),Helio G85
Xiaomi,Xiaomi 小米 紅米 Redmi Note 9 (3+64GB),Helio G85
Xiaomi,Xiaomi 小米 Redmi 10X 4G (4+128GB),Helio G85
Xiaomi,Xiaomi 小米 Redmi 10 2022 (4+64GB),Helio G88
Xiaomi,Xiaomi 小米 Redmi 10 (4+128GB),Helio G88
Xiaomi,Xiaomi 小米 Redmi 10 4G (4+64GB),Helio G88
realme,realme 6 (8+128GB),Helio G90
realme,realme 6 (4+128GB),Helio G90
Doogee,Doogee S96 Pro (8+128GB),Helio G90
Xiaomi,Xiaomi 小米 紅米 Redmi Note 8 Pro (6+128GB),Helio G90T
Xiaomi,Xiaomi 小米 紅米 Redmi Note 8 Pro (8+128GB),Helio G90T
Infinix,Infinix Zero 8i (8+128GB),Helio G90T
Infinix,Infinix Zero 8 (8+128GB),Helio G90T
Xiaomi,Xiaomi 小米 紅米 Redmi Note 8 Pro (6+64GB),Helio G90T
UMIDIGI,UMIDIGI Bison GT (8+128GB),Helio G95
Xiaomi,Xiaomi 小米 Redmi 紅米 Note 10s (8+128GB),Helio G95
F150,F150 R2022 4G 三防手機 (8+128GB),Helio G95
UleFone,UleFone 歐樂風 Power Armor 13 (8+256GB),Helio G95
OUKITEL,OUKITEL WP17 (8+128GB),Helio G95
realme,realme 7 (8+128GB),Helio G95
Xiaomi,Xiaomi 小米 Redmi 紅米 Note 10s (6+128GB),Helio G95
Xiaomi,Xiaomi 小米 Redmi 紅米 Note 10s (6+64GB),Helio G95
Doogee,Doogee S97 Pro (8+128GB),Helio G95
realme,realme 8 4G (8+128GB),Helio G95
Xiaomi,Xiaomi 小米 Redmi Note 11S 4G (6+128GB),Helio G96
Xiaomi,Xiaomi 小米 Redmi Note 11S NFC (8+128GB),Helio G96
Xiaomi,Xiaomi 小米 Redmi Note 11S 4G (8+128GB),Helio G96
Xiaomi,Xiaomi 小米 Redmi Note 11S 4G (6+64GB),Helio G96
Xiaomi,Xiaomi 小米 POCO M4 Pro 4G (6+128GB),Helio G96
Blackview,Blackview BV8800 (8+128GB),Helio G96
realme,realme 8i (4+128GB),Helio G96
Xiaomi,Xiaomi 小米 Redmi Note 11 Pro 4G (6+64GB),Helio G96
Xiaomi,Xiaomi 小米 Redmi Note 11 Pro 4G (8+128GB),Helio G96
Xiaomi,Xiaomi 小米 Redmi Note 11S NFC (6+128GB),Helio G96
Xiaomi,Xiaomi 小米 Redmi Note 11S NFC (6+64GB),Helio G96
Sony,Sony Xperia XA1 Ultra,Helio P20
Sony,Sony Xperia XA1 Plus,Helio P20
Sony,Sony Xperia XA1,Helio P20
OUKITEL,OUKITEL WP12 Pro (4+64GB),Helio P22
UleFone,UleFone 歐樂風 Note 9P (4+64GB),Helio P22
Doogee,Doogee S58 Pro (6+64GB),Helio P22
CUBOT,CUBOT Quest (4+64GB),Helio P22
OUKITEL,OUKITEL C21 Pro (4+64GB),Helio P22
Blackview,Blackview BV4900 Pro (4+64GB),Helio P22
Nokia,Nokia 2.4 (3+64GB),Helio P22
Samsung,Samsung 三星 Galaxy A10s (2+32GB),Helio P22
AGM,AGM H3 (4+64GB),Helio P22
Xiaomi,Xiaomi 小米 紅米6 (4+64GB),Helio P22
Blackview,Blackview BV6300 (3+32GB),Helio P22
Doogee,Doogee S59 Pro (4+128GB),Helio P22
Hotwav,Hotwav Cyber 8 (4+64GB),Helio P22
OUKITEL,OUKITEL C23 Pro (4+64GB),Helio P22
Blackview,Blackview BV5100 (4+128GB),Helio P22
Xiaomi,Xiaomi 小米 紅米6 (3+64GB),Helio P22
Doogee,Doogee N20 (4+64GB),Helio P23
Oukitel,Oukitel C17 Pro (4+64GB),Helio P23
UleFone,UleFone 歐樂風 Power 3s,Helio P23
Blackview,Blackview A80 Pro (4+64GB),Helio P25
OUKITEL,OUKITEL C18 Pro (4+64GB),Helio P25
UleFone,UleFone 歐樂風 Armor 2 Global Version,Helio P25
Oukitel,Oukitel K9 (4+64GB),Helio P35
Oppo,Oppo A54 (CPH2239) (4+64GB),Helio P35
Oppo,Oppo A15 (CPH2185) (3+32GB),Helio P35
Vivo,Vivo Y15s 4G (3+32GB),Helio P35
Oppo,Oppo A8 (4+128GB),Helio P35
Sony,Sony Xperia Ace II SO-41B (4+64GB),Helio P35
Samsung,Samsung 三星 Galaxy A03s (4+64GB),Helio P35
Samsung,Samsung 三星 Galaxy A03s (3+32GB),Helio P35
LG,LG 樂金 K61 LMQ630EAW (4+128GB),Helio P35
Caterpillar,Caterpillar CAT S52 (4+64GB),"Helio P35,"
UMIDIGI,UMIDIGI Bison (6+128GB),Helio P60
Oppo,Oppo R15,Helio P60
OUKITEL,OUKITEL C21 (4+64GB),Helio P60
Doogee,Doogee S86 Pro (8+128GB),Helio P60
UMIDIGI,UMIDIGI Bison (8+128GB),Helio P60
OUKITEL,OUKITEL WP16 (8+128GB),Helio P60
UMIDIGI,UMIDIGI A9 Pro (6+128GB),Helio P60
Doogee,Doogee S86 (6+128GB),Helio P60
UMIDIGI,UMIDIGI A9 Pro (8+128GB),Helio P60
Oukitel,Oukitel WP9 (6+128GB),Helio P60
UleFone,UleFone 歐樂風 Armor 6,Helio P60
Hotwav,Hotwav Cyber 9 Pro (8+128GB),Helio P60
Doogee,Doogee N20 Pro (6+128GB),Helio P60
Doogee,Doogee N40 Pro (6+128GB),Helio P60
UleFone,UleFone 歐樂風 Armor 8 (4+64GB),Helio P60
Blackview,Blackview A90 (4+64GB),Helio P60
Samsung,Samsung 三星 Galaxy A31 (4+128GB),Helio P65
Samsung,Samsung 三星 Galaxy A31 (6+128GB),Helio P65
Vivo,Vivo Y19 (6+128GB),Helio P65
Samsung,Samsung 三星 Galaxy A41 (4+64GB),Helio P65
UleFone,UleFone 歐樂風 Armor 3W (6+64GB),Helio P70
Doogee,Doogee S90Pro + Module (Night Vision Camera + Battery),Helio P70
Blackview,Blackview A95 (8+128GB),Helio P70
Blackview,Blackview A100 (6+128GB),Helio P70
UleFone,UleFone 歐樂風 Armor 6E 軍規三防智能手機 (4GB/64GB),Helio P70
Doogee,Doogee S88 Plus (8+128GB),Helio P70
Blackview,Blackview Rugged Smartphone BV6300 Pro (6+128GB),Helio P70
OUKITEL,OUKITEL WP6 (6+128GB),Helio P70
Oppo,Oppo A91 (8+128GB),Helio P70
Doogee,Doogee S88 Pro (6+128GB),Helio P70
Doogee,Doogee S90C + Module (Night Vision Camera + Battery),Helio P70
Doogee,Doogee S90 Pro (6+128GB),Helio P70
Blackview,Blackview BV9700 Pro (6+128GB),Helio P70
Blackview,Blackview BV9800 Pro - Thermal Imaging (6+128GB),Helio P70
UleFone,UleFone 歐樂風 Armor 7E (4+128GB),Helio P90
UleFone,UleFone 歐樂風 Armor 9E (8+128GB),Helio P90
Doogee,Doogee S95 (6+128GB) + Module (Speaker + Battery),Helio P90
UleFone,UleFone 歐樂風 Armor 9 (8+128GB),Helio P90
Doogee,Doogee S95 Pro + Module (Speaker + Battery),Helio P90
OUKITEL,OUKITEL WP7 UVC+Flashlight 套裝版 (8+128GB),Helio P90
OUKITEL,OUKITEL WP7 (8+128GB),Helio P90
Blackview,Blackview BV9900E (6+128GB),Helio P90
Doogee,Doogee S95 Pro (8+128GB),Helio P90
Doogee,Doogee S95 Pro (8+256GB),Helio P90
Blackview,Blackview Thermal Camera Mobile Phone BV9900 Pro,Helio P90
Blackview,Blackview IP68 Rugged Mobile Phone BV9900,Helio P90
Oppo,Oppo A94 (CPH2203) (8+128GB),Helio P95
UleFone,UleFone 歐樂風 Gemini Pro (4+64GB),Helio X27
Huawei,Huawei P9 32GB 雙卡香港版,Kirin
Huawei,Huawei P20 lite (4+64GB),Kirin 659
Honor,Honor 榮耀 暢玩7X (4+64GB),Kirin 659
Huawei,Huawei Nova 3e (4+64GB),Kirin 659
Huawei,Huawei Nova 3i (4+128GB),Kirin 710
Honor,Honor 榮耀 8X (4+64GB),Kirin 710
Huawei,Huawei P30 Lite (4+128GB),Kirin 710
Honor,Honor 榮耀 9X Lite (4+128GB),Kirin 710
Huawei,Huawei 暢享9 Plus (4+128GB),Kirin 710
Huawei,Huawei Y9 2019 (4+64GB),Kirin 710
Honor,Honor 榮耀 10 Lite (3+64GB),Kirin 710
Huawei,Huawei P30 Lite (6+128GB),Kirin 710
Huawei,Huawei P Smart 2020 (4+128GB),Kirin 710
Huawei,Huawei P30 Lite 新版本 (6+256GB),Kirin 710
Honor,Honor 榮耀 Play4T (6+128GB),Kirin 710
Honor,Honor 榮耀 9X (6+128GB),Kirin 710F
Huawei,Huawei Y9s (6+128GB),Kirin 710F
Honor,Honor 榮耀 9x Pro (8+128GB),Kirin 810
Honor,Honor 榮耀 9x (6+64GB),Kirin 810
Huawei,Huawei Nova 7i (8+128GB),Kirin 810
Huawei,Huawei P40 lite (6+128GB),Kirin 810
Honor,Honor 榮耀 9x (6+128GB),Kirin 810
Honor,Honor 榮耀 9x Pro (8+256GB),Kirin 810
Honor,Honor 榮耀 9x (4+64GB),Kirin 810
Honor,Honor 榮耀 30S 5G (8+256GB),Kirin 820
Huawei,Huawei Nova 7 SE 5G (8+128GB),Kirin 820
Huawei,Huawei Mate 40 Pro 5G (8+128GB),Kirin 9000
Huawei,Huawei Mate 40 Pro 5G (8+256GB),Kirin 9000
Huawei,Huawei Mate 40 Pro+ 5G (12+256GB),Kirin 9000
Huawei,Huawei Mate 40 RS 保時捷設計 5G (8+256GB),Kirin 9000
Huawei,Huawei P50 PRO 4G (8+256GB),Kirin 9000
Huawei,Huawei Mate X2 5G (8+256GB),Kirin 9000
Huawei,Huawei Mate 40 RS 保時捷設計典藏版 5G (12+512GB),Kirin 9000
Huawei,Huawei Mate 40 RS 保時捷設計 5G (12+256GB),Kirin 9000
Huawei,Huawei P50 PRO 4G (8+512GB),Kirin 9000
Huawei,Huawei Mate 40 5G (8+128GB),Kirin 9000E
Huawei,Huawei Mate 40 5G (8+256GB),Kirin 9000E
Huawei,Huawei Mate 9 Pro 128GB,Kirin 960
Huawei,Huawei Mate 9 Pro 64GB,Kirin 960
Huawei,Huawei P10 (4+64GB),Kirin 960
Huawei,Huawei Mate 9 64GB,Kirin 960
Huawei,Huawei P10 Plus (6+128GB) 香港版,Kirin 960
Huawei,Huawei Mate 10 (4+64GB),Kirin 970
Huawei,Huawei P20 Pro (6+128GB),Kirin 970
Huawei,Huawei Mate 10 Pro (6+128GB),Kirin 970
Honor,Honor 榮耀 10 (6+64GB),Kirin 970
Huawei,Huawei Nova 4 (8+128GB) 標配版,Kirin 970
Honor,Honor 榮耀 10 (4+128GB),Kirin 970
Honor,Honor 榮耀 10 (4+128GB),Kirin 970
Huawei,Huawei Nova 3 (6+128GB),Kirin 970
Honor,Honor 榮耀 Play (4+64GB),Kirin 970
Huawei,Huawei Mate 10 Pro (6+64GB) 全網通,Kirin 970
Huawei,Huawei Mate 10 Porsche Design 256GB,Kirin 970
Huawei,Huawei Mate 10 Pro (6+64GB) 全網通,Kirin 970
Huawei,Huawei P20 (4+128GB),Kirin 970
Huawei,Huawei P30 Pro (8+512GB),Kirin 980
Huawei,Huawei Mate 20 (6+128GB),Kirin 980
Huawei,Huawei Mate 20 (4+128GB),Kirin 980
Huawei,Huawei P30 Pro (8+128GB) Dual Sim,Kirin 980
Huawei,Huawei Porsche Design Mate 20 RS (8+512GB),Kirin 980
Huawei,Huawei Porsche Design Mate 20 RS (8+256GB),Kirin 980
Huawei,Huawei Mate X (8+512GB),Kirin 980
Huawei,Huawei P30 (8+128GB),Kirin 980
Huawei,Huawei P30 Pro (6+128GB) Single Sim,Kirin 980
Huawei,Huawei Mate 20 X (6+128GB),Kirin 980
Huawei,Huawei Mate 20 Pro (6+128GB),Kirin 980
Huawei,Huawei Mate 20 X 5G (8+256GB),Kirin 980
Honor,Honor 榮耀 V20 (8+256GB),Kirin 980
Huawei,Huawei P30 Pro (8+256GB),Kirin 980
Huawei,Huawei Nova 5T (6+128GB),Kirin 980
Huawei,Huawei Nova 5T (8+128GB),Kirin 980
Huawei,Huawei Mate 20 Pro UD (8+256GB),Kirin 980
Honor,Honor 榮耀 V20 (6+128GB),Kirin 980
Huawei,Huawei Nova 7 Pro 5G (8+128GB),Kirin 985
Huawei,Huawei nova 8 Pro (8+128GB),Kirin 985
Huawei,Huawei nova 8 5G (8+128GB),Kirin 985
Huawei,Huawei Nova 7 5G (8+256GB),Kirin 985
Huawei,Huawei Nova 7 5G (8+128GB),Kirin 985
Honor,Honor 榮耀 30 5G (8+128GB),Kirin 985
Honor,Honor 榮耀 V30 5G (6+128),Kirin 990
Honor,Honor 榮耀 30 Pro 5G (8+128GB),Kirin 990
Huawei,Huawei P40 Pro+ 5G (8+512GB),Kirin 990
Huawei,Huawei P40 Pro 5G (8+256GB),Kirin 990
Huawei,Huawei Mate 30 Pro 5G (8+512GB),Kirin 990
Huawei,Huawei Mate 30 Pro (8+128GB),Kirin 990
Huawei,Huawei Mate Xs 5G (8+512GB),Kirin 990
Huawei,Huawei P40 5G (8+128GB),Kirin 990
Honor,Honor 榮耀 V30 (6+128GB),Kirin 990
Honor,Honor 榮耀 V30 5G (8+128),Kirin 990
Huawei,Huawei Mate 30 5G (8+256GB),Kirin 990
Honor,Honor 榮耀 Play4 Pro 5G (8+128GB),Kirin 990
Huawei,Huawei Mate 30 5G (6+128GB),Kirin 990
Honor,Honor 榮耀 30 Pro+ (8+256GB),Kirin 990
Huawei,Huawei Mate 30 Pro (8+256GB),Kirin 990
Huawei,Huawei Mate 30 Pro 5G (8+256GB),Kirin 990
Huawei,Huawei Mate 30 (8+128GB),Kirin 990
Huawei,Huawei Mate 30E Pro 5G (8+128GB),Kirin 990E
Huawei,Huawei Mate 40E 5G (8+128GB),Kirin 990E
Nokia,Nokia 800 Tough,Snapdragon 205
Samsung,Samsung 三星 Galaxy J5 SM-J5008,Snapdragon 410
Huawei,Huawei Y6 (2018),Snapdragon 425
Motorola,Motorola Moto E4 Plus,Snapdragon 427
Sharp,Sharp 聲寶 AQUOS sense SHV40 (3+32GB),Snapdragon 430
Ruggear,Ruggear RG850,Snapdragon 430
Xiaomi,Xiaomi 小米 紅米 Redmi 8 (4+64GB),Snapdragon 439
Xiaomi,Xiaomi 小米 紅米 Redmi 8 (3+32GB),Snapdragon 439
Xiaomi,Xiaomi 小米 紅米 Redmi 8A (4+64GB),Snapdragon 439
Xiaomi,Xiaomi 小米 紅米 Redmi 8A (2+32GB),Snapdragon 439
Samsung,Samsung 三星 Galaxy A20s (4+64GB),Snapdragon 45
Samsung,Samsung 三星 Galaxy A20s (3+32GB),Snapdragon 45
Samsung,Samsung 三星 Galaxy M11 (3+32GB),Snapdragon 450
Fujitsu,Fujitsu arrows U 801FJ,Snapdragon 450
AGM,AGM A9 (4+64GB),Snapdragon 450
Sharp,Sharp 聲寶 AQUOS Sense2 SHV43 (3+32GB),Snapdragon 450
Samsung,Samsung 三星 Galaxy A02S (4+64GB),Snapdragon 450
Motorola,Motorola Moto G6 (4+64GB),Snapdragon 450
AGM,AGM A9 (4+32GB),Snapdragon 450
Xiaomi,Xiaomi 小米 紅米5 (3+32GB),Snapdragon 450
HTC,HTC Desire 12+ (3+32GB),"Snapdragon 450,"
Oppo,Oppo A32 (4+128GB),Snapdragon 460
Nokia,Nokia 3.4 (3+64GB),Snapdragon 460
Vivo,Vivo Y20s (4+128GB),Snapdragon 460
AGM,AGM Glory G1 Pro 5G (8+256GB),Snapdragon 480
Nokia,Nokia G50 5G (6+128GB),Snapdragon 480
Nokia,Nokia X10 5G (6+128GB),Snapdragon 480
AGM,AGM Glory G1 5G (8+256GB),Snapdragon 480
AGM,AGM Glory SE 5G (8+128GB),Snapdragon 480
Xiaomi,Xiaomi 小米 紅米 Redmi Note 10 JE 5G (4+64GB),Snapdragon 480
Motorola,Motorola Moto G50 (4+128GB),Snapdragon 480
Vivo,Vivo iQOO U3x (4+128GB),Snapdragon 480
Vivo,Vivo Y53s 5G (8+128GB),Snapdragon 480
Nokia,Nokia X20 (6+128GB),Snapdragon 480
Nokia,Nokia X20 (8+128GB),Snapdragon 480
Vivo,Vivo Y31s 5G版 (6+128GB),Snapdragon 480
Docomo,Docomo Fujitsu arrows We F-51B (4+64GB),Snapdragon 480
Oppo,Oppo A74 5G (6+128GB),Snapdragon 480
Oppo,Oppo A54 5G Single (4+64GB),Snapdragon 480
Nokia,Nokia XR20 5G (6+128GB),Snapdragon 480
Sharp,Sharp 聲寶 AQUOS wish SHG06 (4+64GB),Snapdragon 480
Xiaomi,Xiaomi 小米 4i 16GB,Snapdragon 615
BlackBerry,BlackBerry KEYone (3+32GB),Snapdragon 625
BlackBerry,BlackBerry KEYone (4+64GB) Black Edition,Snapdragon 625
Xiaomi,Xiaomi 小米 紅米6 Pro (3+32GB),Snapdragon 625
Xiaomi,Xiaomi 小米 A1 香港版,Snapdragon 625
Nubia,Nubia V18 (4+64GB),Snapdragon 625
Xiaomi,Xiaomi 小米 紅米5 Plus (4+64GB),Snapdragon 625
Huawei,Huawei Nova Plus (3+32GB),Snapdragon 625
Xiaomi,Xiaomi 小米 紅米6 Pro (4+64GB),Snapdragon 625
Vivo,Vivo V9 (4+64GB) 香港版,Snapdragon 626
Sony,Sony Xperia XA2 Plus (6+64GB),Snapdragon 630
Nokia,Nokia 6.1 (4+64GB),Snapdragon 630
Sharp,Sharp 聲寶 AQUOS sense3 docomo版 (SHV45/SH02M) (4+64GB),Snapdragon 630
Sony,Sony Xperia XA2 Ultra (4+64GB),Snapdragon 630
Sony,Sony Xperia 10 (4+64GB),Snapdragon 630
Motorola,Motorola G6 Plus,Snapdragon 630
Sharp,Sharp 聲寶 AQUOS sense3 au版 (SHV45) (4+64GB),Snapdragon 630
Sony,Sony Xperia XA2 (3+32GB),Snapdragon 630
Motorola,Motorola Moto E (2+32GB),Snapdragon 632
Xiaomi,Xiaomi 小米 紅米 7 (3+64GB),Snapdragon 632
Xiaomi,Xiaomi 小米 MAX 3 (6+128GB),Snapdragon 636
Lenovo,Lenovo S5 Pro (6+64GB),Snapdragon 636
Lenovo,Lenovo K5 Pro,Snapdragon 636
Sharp,Sharp 聲寶 AQUOS sense 3 Plus SHV46 (6+64GB),Snapdragon 636
Sharp,Sharp 聲寶 AQUOS sense3 plus au版 (SHV46) (6+128GB),Snapdragon 636
Honor,Honor 榮耀 8X Max (4+128GB),Snapdragon 636
HTC,HTC U12 Life (4+64GB),Snapdragon 636
Xiaomi,Xiaomi 小米 MAX 3 (4+64GB),Snapdragon 636
Lenovo,Lenovo S5 Pro (6+128GB),Snapdragon 636
Xiaomi,Xiaomi 小米 紅米 Note 6 Pro (4+64GB),Snapdragon 636
Xiaomi,Xiaomi 小米 紅米 Note 6 Pro (4+64GB),Snapdragon 636
ASUS,ASUS ZenFone 5 (ZE620KL),Snapdragon 636
Lenovo,Lenovo K5 Pro (4+64GB),Snapdragon 636
Xiaomi,Xiaomi 小米 紅米Note 5 (4+64GB),Snapdragon 636八核處理器
Sony,Sony Xperia X Compact,Snapdragon 650
Nokia,Nokia 7 Plus (4+64GB),Snapdragon 660
Xiaomi,Xiaomi 小米 紅米 Note 7 (6+64GB),Snapdragon 660
Xiaomi,Xiaomi 小米 紅米 Note 7 (4+128GB),Snapdragon 660
Vivo,Vivo X20 Plus (4+64GB),Snapdragon 660
ASUS,ASUS ZenFone Max Pro (M2) ZB631KL (4+64GB),Snapdragon 660
Xiaomi,Xiaomi 小米 紅米 Note 7 (4+64GB),Snapdragon 660
Samsung,Samsung 三星 Galaxy A9 2018 (8+128GB),Snapdragon 660
Sharp,Sharp 聲寶 AQUOS R Compact SHV41 (3+32GB),Snapdragon 660
Oppo,Oppo R11s Plus (6+64GB),Snapdragon 660
Oppo,Oppo R11 Plus (6+64GB),Snapdragon 660
Oppo,Oppo R11s 星幕新年版,Snapdragon 660
Oppo,Oppo R11s (4+64GB),Snapdragon 660
Xiaomi,Xiaomi 小米 8 青春版 (6+64GB),Snapdragon 660
Nokia,Nokia 7.2 (6+128GB),Snapdragon 660
Xiaomi,Xiaomi 小米 8 Lite (6+128GB),Snapdragon 660
Samsung,Samsung 三星 Galaxy A8 Star (4+64GB),Snapdragon 660
Samsung,Samsung 三星 Galaxy A9 2018 (6+128GB),Snapdragon 660
Caterpillar,Caterpillar S62 Pro (6+128GB),Snapdragon 660
Vivo,Vivo V11 (6+128GB),Snapdragon 660AIE
Oppo,Oppo A95 4G (8+128GB),Snapdragon 662
Xiaomi,Xiaomi 小米 紅米 Redmi 9T (4+64GB),Snapdragon 662
Oppo,Oppo A73 4G (4+64GB),Snapdragon 662
Vivo,Vivo iQOO U1x (6+128GB),Snapdragon 662
Lenovo,Lenovo 聯想樂檬 K12 Pro (4+64GB),Snapdragon 662
Xiaomi,Xiaomi 小米 紅米 Redmi 9T (4+128GB),Snapdragon 662
Xiaomi,Xiaomi 小米 POCO M3 (4+128GB),Snapdragon 662
Lenovo,Lenovo K12 Note (4+128GB),Snapdragon 662
Xiaomi,Xiaomi 小米 Redmi note 9 4G 6000電池版 (8+128GB),Snapdragon 662
Nokia,Nokia 5.3 (6+64GB),Snapdragon 665
Xiaomi,Xiaomi 小米 紅米 Redmi Note 8T (4+64GB),Snapdragon 665
Xiaomi,Xiaomi 小米 紅米 Redmi Note 8T (3+32GB),Snapdragon 665
Oppo,Oppo A11x (8+128GB),Snapdragon 665
Xiaomi,Xiaomi 小米 紅米 RedMi Note 8 (6+128GB),Snapdragon 665
Oppo,Oppo A11 (4+128GB),Snapdragon 665
Oppo,Oppo A9 2020 (4+128GB),Snapdragon 665
Vivo,Vivo S1 Pro Dual (8+128GB),Snapdragon 665
TCL,TCL 10L (6+64GB),Snapdragon 665
Vivo,Vivo V17 (8+128GB),Snapdragon 665
HTC,HTC Desire 20 Pro (6+128GB),Snapdragon 665
Nokia,Nokia 5.3 (4+64GB),Snapdragon 665
Nokia,Nokia 5.3 (6+64GB),Snapdragon 665
Xiaomi,Xiaomi 小米 紅米 Redmi Note 8 (4+128GB),Snapdragon 665
Sony,Sony Xperia 10 II (4+128GB),Snapdragon 665
Vivo,Vivo Y50 (8+128GB),Snapdragon 665
realme,realme 5i (4+64GB),Snapdragon 665
Vivo,Vivo S1 Pro Dual (8+128GB),Snapdragon 665
Xiaomi,Xiaomi 小米 紅米 Redmi Note 8 (3+32GB),Snapdragon 665
Xiaomi,Xiaomi 小米 Redmi Note 8 (4+64GB),Snapdragon 665
Xiaomi,Xiaomi 小米 紅米 Redmi Note 8 (4+64GB),Snapdragon 665
Google,Google Pixel 3a XL (4+64GB),Snapdragon 670
Google,Google Pixel 3a (4+64GB),Snapdragon 670
TCL,TCL Plex T1 (T780H) (6+128GB),Snapdragon 675
Vivo,Vivo V17 Pro (8+128GB),Snapdragon 675AIE
Vivo,Vivo V15 Pro (6+128GB),Snapdragon 675AIE
Xiaomi,Xiaomi 小米 Redmi Note 10 (4+64GB),Snapdragon 678
Xiaomi,Xiaomi 小米 Redmi Note 10 (4+128GB),Snapdragon 678
Oppo,Oppo A76 4G (6+128GB),Snapdragon 680
Samsung,Samsung 三星 Galaxy A23 4G (4+128GB),Snapdragon 680
Samsung,Samsung 三星 Galaxy A23 4G (6+128GB),Snapdragon 680
Xiaomi,Xiaomi 小米 Redmi Note 11 NFC (6+128GB),Snapdragon 680
Huawei,Huawei Nova 9 SE (8+128GB),Snapdragon 680
realme,realme 9i 4G (6+128GB),Snapdragon 680
Xiaomi,Xiaomi 小米 Redmi Note 11 NFC (4+64GB),Snapdragon 680
Xiaomi,Xiaomi 小米 Redmi Note 11 NFC (4+128GB),Snapdragon 680
Xiaomi,Xiaomi 小米 Redmi Note 11 4G (4+128GB),Snapdragon 680
Xiaomi,Xiaomi 小米 Redmi Note 11 4G (4+64GB),Snapdragon 680
Xiaomi,Xiaomi 小米 Redmi Note 11 4G (6+128GB),Snapdragon 680
realme,realme 9i 4G (4+128GB),Snapdragon 680
Sony,Sony Xperia 10 III (6+128GB),Snapdragon 690
Sharp,Sharp 聲寶 AQUOS Sense 5G SH-M17 (4+64GB),Snapdragon 690
OnePlus,OnePlus Nord N10 5G (6+128GB),Snapdragon 690
Xiaomi,Xiaomi 小米 Redmi Note 11 Pro 5G (8+128GB),Snapdragon 695
Xiaomi,Xiaomi 小米 Redmi Note 11 Pro 5G (6+128GB),Snapdragon 695
Xiaomi,Xiaomi 小米 POCO X4 Pro 5G (8+256GB),Snapdragon 695
Xiaomi,Xiaomi 小米 POCO X4 Pro 5G (6+128GB),Snapdragon 695
Xiaomi,Xiaomi 小米 Redmi Note 11 Pro 5G (6+64GB),Snapdragon 695
Vivo,Vivo iQOO U5 5G (8+128GB),Snapdragon 695
Samsung,Samsung 三星 Galaxy A8s (6+128GB),Snapdragon 710
Lenovo,Lenovo Z5s (6+64GB),Snapdragon 710
Oppo,Oppo Reno (6+256GB),Snapdragon 710
Xiaomi,Xiaomi 小米 8 SE (4+64GB),Snapdragon 710
Meizu,Meizu 魅族 X8 (4+64GB),Snapdragon 710
Lenovo,Lenovo Z5s (4+64GB),Snapdragon 710
Nokia,Nokia X7 (6+64GB),Snapdragon 710
Vivo,Vivo X27 (8+256GB),Snapdragon 710
Nokia,Nokia X7 (4+64GB),Snapdragon 710
Lenovo,Lenovo Z6 青春版 (6+64GB),Snapdragon 710
Nokia,Nokia 8.1 (4+64GB),Snapdragon 710
Xiaomi,Xiaomi 小米 CC9 (6+128GB),Snapdragon 710
Xiaomi,Xiaomi 小米 9 SE (6+64GB),Snapdragon 712
realme,realme XT (8+128GB),Snapdragon 712
realme,realme 8 Pro 4G (8+128GB),Snapdragon 720G
Samsung,Samsung 三星 Galaxy A52 4G (8+128GB),Snapdragon 720G
Samsung,Samsung 三星 Galaxy A72 4G (8+256GB),Snapdragon 720G
Samsung,Samsung 三星 Galaxy A72 4G (8+128GB),Snapdragon 720G
Samsung,Samsung 三星 Galaxy A52 4G (8+256GB),Snapdragon 720G
Xiaomi,Xiaomi 小米 紅米 Redmi Note 9 Pro (6+64GB),Snapdragon 720G
Sharp,Sharp 聲寶 AQUOS sense4 (sh-ｍ15 dual sim),Snapdragon 720G
Xiaomi,Xiaomi 小米 Redmi Note 9S (6+128GB),Snapdragon 720G
Xiaomi,Xiaomi 小米 紅米 Redmi Note 9 Pro (6+128GB),Snapdragon 720G
HTC,HTC Desire 20+ (6+128GB),Snapdragon 720G
RealMe,RealMe 6 Pro (8+128GB),Snapdragon 720G
realme,realme 7 Pro (8+128GB),Snapdragon 720G
Sharp,Sharp 聲寶 AQUOS sense4 plus (sh-m16 dual sim),Snapdragon 720G
Samsung,Samsung 三星 Galaxy A80 (8+128GB),Snapdragon 730
Xiaomi,Xiaomi 小米 M9T 智能手機 國際版 (6+64GB),Snapdragon 730
Xiaomi,Xiaomi 小米 M9T 智能手機 國際版 (6+128GB),Snapdragon 730
Oppo,Oppo Reno 2 (8+128GB),Snapdragon 730G
Oppo,Oppo K5 (6+128GB),Snapdragon 730G
Xiaomi,Xiaomi 小米 紅米 Redmi K30 (8+256GB),Snapdragon 730G
Oppo,Oppo Reno 2 (8+256GB),Snapdragon 730G
Xiaomi,Xiaomi 小米 Note 10 Lite (6+64GB),Snapdragon 730G
Xiaomi,Xiaomi 小米 紅米 Redmi K30 (8+128GB),Snapdragon 730G
Xiaomi,Xiaomi 小米 Note 10 (6+128GB),Snapdragon 730G
realme,realme X2 (6+64GB),Snapdragon 730G
realme,realme X2 (6+64GB),Snapdragon 730G
Xiaomi,Xiaomi 小米 Note 10 Pro (8+256GB),Snapdragon 730G
Google,Google Pixel 4a (6+128GB),Snapdragon 730G
Samsung,Samsung 三星 M51 (8+128GB),Snapdragon 730G
Xiaomi,Xiaomi 小米 Note 10 Lite (6+128GB),Snapdragon 730G
Xiaomi,Xiaomi 小米 CC9 Pro (8+128GB),Snapdragon 730G
realme,realme X2 (8+128GB),Snapdragon 730G
Xiaomi,Xiaomi 小米 紅米 Redmi K30 (6+128GB),Snapdragon 730G
Xiaomi,Xiaomi 小米 紅米 Redmi Note 10 Pro 4G (8+128GB),Snapdragon 732G
Xiaomi,Xiaomi 小米 紅米 Redmi Note 10 Pro (6+128GB),Snapdragon 732G
Xiaomi,Xiaomi 小米 POCO X3 NFC (6+64GB),Snapdragon 732G
Xiaomi,Xiaomi 小米 Mi 11 Lite (6+128GB),Snapdragon 732G
Xiaomi,Xiaomi 小米 POCO X3 NFC (6+128GB),Snapdragon 732g
Samsung,Samsung 三星 Galaxy A42 5G (6+128GB),Snapdragon 750
Xiaomi,Xiaomi 小米 Mi 10T Lite 5G (6+128GB),Snapdragon 750
Samsung,Samsung 三星 Galaxy A42 5G (8+128GB),Snapdragon 750
OnePlus,OnePlus Nord CE 5G (12+256GB),Snapdragon 750G
Samsung,Samsung 三星 Galaxy A52 5G (8+256GB),Snapdragon 750G
Samsung,Samsung 三星 Galaxy A52 5G (6+128GB),Snapdragon 750G
OnePlus,OnePlus Nord CE 5G (8+128GB),Snapdragon 750G
Xiaomi,Xiaomi 小米 紅米 Redmi Note 9 Pro 5G (8+128GB),Snapdragon 750G
realme,realme Q3 5G (6+128GB),Snapdragon 750G
Oppo,Oppo Reno5 K 5G (8+128GB),Snapdragon 750G
Xiaomi,Xiaomi 小米 紅米 Redmi Note 9 Pro 5G (6+128GB),Snapdragon 750G
Samsung,Samsung 三星 Galaxy F52 5G (8+128GB),Snapdragon 750G
Sharp,Sharp 聲寶 AQUOS Zero6 (8+128GB),Snapdragon 750G
Oppo,Oppo Find X2 Neo (12+256GB),Snapdragon 765
LG,LG 樂金 Velvet (8+128GB),Snapdragon 765
Xiaomi,Xiaomi 小米 紅米 Redmi K30 5G (6+64GB),Snapdragon 765G
Xiaomi,Xiaomi 小米 10 青春版 5G (6+128GB),Snapdragon 765G
Vivo,Vivo X50 5G (8+256GB),Snapdragon 765G
realme,realme X50 5G (8+128GB),Snapdragon 765G
OnePlus,OnePlus Nord 5G (8+128GB),Snapdragon 765G
Xiaomi,Xiaomi 小米 10 青春版 5G (6+64GB),Snapdragon 765G
realme,realme X50 5G (6+128GB),Snapdragon 765G
Vivo,Vivo X50 5G (8+128GB),Snapdragon 765G
Oppo,Oppo Reno 3 Pro 5G (8+128GB),Snapdragon 765G
Oppo,Oppo Reno5 5G (8+128GB),Snapdragon 765G
Oppo,Oppo Reno 3 Pro 5G (12+256GB),Snapdragon 765G
Oppo,Oppo K7 5G (8+128GB),Snapdragon 765G
LG,LG 樂金 WING 5G (8+128GB),Snapdragon 765G
Oppo,Oppo Reno4 Pro 5G (8+128GB),Snapdragon 765G
Oppo,Oppo Reno5 5G (12+256GB),Snapdragon 765G
Fujitsu,Fujitsu arrows NX9 f-52a (docomo),Snapdragon 765G
Xiaomi,Xiaomi 小米 10 Lite 5G (6+128GB),Snapdragon 765G
Xiaomi,Xiaomi 小米 紅米 Redmi K30i 5G (6+128GB),Snapdragon 765G
Vivo,Vivo iQOO Z1x 5G (8+256GB),Snapdragon 765G
Vivo,Vivo S7 5G (8+128GB),Snapdragon 765G
Xiaomi,Xiaomi 小米 10 青春版 5G (8+256GB),Snapdragon 765G
Vivo,Vivo X50 Pro 5G (8+128GB),Snapdragon 765G
Oppo,Oppo Reno5 A 5G (6+128GB),Snapdragon 765G
Vivo,Vivo X50 Pro 5G (8+256GB),Snapdragon 765G
OnePlus,OnePlus Nord 5G (12+256GB),Snapdragon 765G
Oppo,Oppo Reno4 Pro 5G (12+256GB),Snapdragon 765G
Motorola,Motorola Razr 5G Dual (8+256GB),Snapdragon 765G
Oppo,Oppo Find X3 Lite (8+128GB),Snapdragon 765G
Xiaomi,Xiaomi 小米 10 Lite 5G (8+256GB),Snapdragon 765G
Vivo,Vivo X50e 5G (8+128GB),Snapdragon 765G
Nokia,Nokia 8.3 5G (8+128GB),Snapdragon 765G
Google,Google Pixel 5 5G (8+128GB),Snapdragon 765G
LG,LG 樂金 Velvet 5G (6+128GB),Snapdragon 765G
Google,Google Pixel 4a 5G (6+128GB),Snapdragon 765G
Vivo,Vivo iQOO Z1x 5G (8+128GB),Snapdragon 765G
Oppo,Oppo Reno4 5G (8+128GB),Snapdragon 765G
Google,Google Pixel 5a 5G (6+128GB),Snapdragon 765G
Nubia,Nubia Play 5G (8+128GB),Snapdragon 765G
Oppo,Oppo Reno4 5G (8+256GB),Snapdragon 765G
Motorola,Motorola Moto Edge 5G (6+128GB),Snapdragon 765G
HTC,HTC U20 5G (8+256GB),Snapdragon 765G
Xiaomi,Xiaomi 小米 紅米 Redmi K30 5G 極速版 (6+128GB),Snapdragon 768G
Oppo,Oppo K9 5G (8+128GB),Snapdragon 768G
Vivo,Vivo iQOO Z3 5G (8+128GB),Snapdragon 768G
Vivo,Vivo iQOO Z3 5G (8+256GB),Snapdragon 768G
Samsung,Samsung 三星 Galaxy A52s 5G (8+256GB),Snapdragon 778G
Xiaomi,Xiaomi 小米 11 Lite 5G NE (6+128GB),Snapdragon 778G
Samsung,Samsung 三星 M52 5G (8+128GB),Snapdragon 778G
realme,realme GT 大師版 5G (8+256GB),Snapdragon 778G
Honor,Honor 榮耀 50 5G (8+256GB),Snapdragon 778G
Honor,Honor 榮耀 60 5G (8+128GB),Snapdragon 778G
Huawei,Huawei Nova 9 Pro 4G (8+256GB),Snapdragon 778G
Oppo,Oppo Reno7 5G (8+128GB),Snapdragon 778G
Vivo,Vivo iQOO Z5 5G (8+128GB),Snapdragon 778G
Honor,Honor 榮耀 50 5G (8+128GB),Snapdragon 778G
Xiaomi,Xiaomi 小米 11 Lite 5G NE (8+256GB),Snapdragon 778G
Honor,Honor 榮耀 50 Pro (8+256GB),Snapdragon 778G
Xiaomi,Xiaomi 小米 Civi 5G (8+128GB),Snapdragon 778G
realme,realme GT 大師版 5G (8+128GB),Snapdragon 778G
Xiaomi,Xiaomi 小米 11 Lite 5G NE (8+128GB),Snapdragon 778G
Huawei,Huawei Nova 9 (8+256GB),Snapdragon 778G
Samsung,Samsung 三星 Galaxy A52s 5G (6+128GB),Snapdragon 778G
Samsung,Samsung 三星 Galaxy A52s 5G (8+128GB),Snapdragon 778G
Honor,Honor 榮耀 60 Pro 5G (8+256GB),Snapdragon 778G
realme,realme GT 大師版 5G (6+128GB),Snapdragon 778G
Xiaomi,Xiaomi 小米 11 青春版 5G (8+128GB),Snapdragon 780G
Xiaomi,Xiaomi 小米 11 Lite 5G (6+128GB),Snapdragon 780G
Motorola,Motorola Edge 30 Pro 5G (12+256GB),Snapdragon 8
Samsung,Samsung 三星 Galaxy S22 5G (8+256GB),Snapdragon 8
realme,realme GT2 Pro 5G (12+256GB),Snapdragon 8
Xiaomi,Xiaomi 小米 紅米 Redmi K50 電競版 5G (8+128GB),Snapdragon 8
Xiaomi,Xiaomi 小米 12 5G (8+128GB),Snapdragon 8
Xiaomi,Xiaomi 小米 12 5G (8+256GB),Snapdragon 8
Vivo,Vivo iQOO 9 Pro 5G (12+512GB),Snapdragon 8
Honor,Honor 榮耀 Magic4 Pro 5G (8+256GB),Snapdragon 8
Oppo,Oppo Find X5 Pro 5G (12+256GB),Snapdragon 8
realme,realme GT2 Pro 5G 大師·紙 (8+256GB),Snapdragon 8
Vivo,Vivo iQOO 9 5G 賽道版 (8+256GB),Snapdragon 8
Vivo,Vivo iQOO 9 5G 傳奇版 (8+256GB),Snapdragon 8
Vivo,Vivo iQOO 9 Pro 5G (8+256GB),Snapdragon 8
Honor,Honor 榮耀 Magic4 5G (8+256GB),Snapdragon 8
Honor,Honor 榮耀 Magic V 5G 折疊旗艦 (12+256GB),Snapdragon 8
OnePlus,OnePlus 10 Pro 5G (12+256GB),Snapdragon 8
Samsung,Samsung 三星 Galaxy S22+ 5G (8+256GB),Snapdragon 8
Vivo,Vivo iQOO 9 Pro 5G (12+256GB),Snapdragon 8
OnePlus,OnePlus 10 Pro 5G (8+128GB),Snapdragon 8
Nubia,Nubia RedMagic 紅魔7 透明版 (16+256GB),Snapdragon 8
Samsung,Samsung 三星 Galaxy S22 Ultra 5G (12GB+1TB),Snapdragon 8
Samsung,Samsung 三星 Galaxy S22 Ultra 5G (12+256GB),Snapdragon 8
Samsung,Samsung 三星 Galaxy S22 5G (8+128GB),Snapdragon 8
Nubia,Nubia RedMagic 紅魔7 透明版 (18+256GB),Snapdragon 8
OnePlus,OnePlus 10 Pro 5G (12+512GB),Snapdragon 8
Samsung,Samsung 三星 Galaxy S22 Ultra 5G (12+512GB),Snapdragon 8
Nubia,Nubia RedMagic 紅魔7 (12+128GB),Snapdragon 8
Xiaomi,Xiaomi 小米 12 Pro 5G (12+256GB),Snapdragon 8
Xiaomi,Xiaomi 小米 12 Pro 5G (8+128GB),Snapdragon 8
Xiaomi,Xiaomi 小米 12 5G (12+256GB),Snapdragon 8
OnePlus,OnePlus 10 Pro 5G (8+256GB),Snapdragon 8
Motorola,Motorola Edge X30 5G (8+128GB),Snapdragon 8
Sony,Sony Xperia Z5,Snapdragon 810
Sony,Sony Xperia Z5 Premium,Snapdragon 810
HTC,HTC 10 64GB,Snapdragon 820
HTC,HTC 10 32GB,Snapdragon 820
LG,LG 樂金 V20 (4+64GB) (單卡),Snapdragon 820
LG,LG 樂金 V20 (4+64GB) (雙卡),Snapdragon 820
Motorola,Motorola Moto Z Force (4+32GB),Snapdragon 820
Sony,Sony Xperia X Performance,Snapdragon 820
Sony,Sony Xperia XZ,Snapdragon 820
ZTE,ZTE M Z-01K (4+64GB),Snapdragon 821
Google,Google Pixel XL 128GB,Snapdragon 821
Google,Google Pixel 128GB,Snapdragon 821
Google,Google Pixel XL 32GB,Snapdragon 821
ZTE,ZTE Axon M 折疊雙屏,Snapdragon 821
Google,Google Pixel 32GB,Snapdragon 821
LG,LG 樂金 G7 Fit (4+64GB),Snapdragon 821
LG,LG 樂金 V30 (4+64GB),Snapdragon 835
Google,Google Pixel 2 XL 128GB,Snapdragon 835
Nokia,Nokia 8 (4+64GB),Snapdragon 835
Google,Google Pixel 2 XL 64GB,Snapdragon 835
OnePlus,OnePlus 5T (8+128GB),Snapdragon 835
Sony,Sony Xperia XZ1 Compact,Snapdragon 835
Sony,Sony Xperia XZ Premium (4+64GB),Snapdragon 835
Google,Google Pixel 2 64GB,Snapdragon 835
Motorola,Motorola Moto Z2 Force (4+64GB),Snapdragon 835
Motorola,Motorola Moto Z2 Force (6+128GB),Snapdragon 835
Google,Google Pixel 2 128GB,Snapdragon 835
Sony,Sony Xperia XZ1 (4+64GB),Snapdragon 835
LG,LG 樂金 V30+ (4+128GB),Snapdragon 835
Essential,Essential PH-1,Snapdragon 835
Sony,Sony Xperia XZ2 (6+64GB),Snapdragon 845
Vivo,Vivo NEX雙屏版 (NEX Dual Display Edition) (10+128GB),Snapdragon 845
OnePlus,OnePlus 6T (8+256GB),Snapdragon 845
Google,Google Pixel 3 (4+128GB),Snapdragon 845
Nokia,Nokia 9 PureView,Snapdragon 845
OnePlus,OnePlus 6T (8+128GB),Snapdragon 845
Sharp,Sharp 聲寶 AQUOS R2 compact (4+64GB),Snapdragon 845
Google,Google Pixel 3 XL (4+64GB),Snapdragon 845
Sharp,Sharp 聲寶 AQUOS R2 (4+64GB),Snapdragon 845
Sony,Sony Xperia XZ2 Compact (4+64GB),Snapdragon 845
Xiaomi,Xiaomi 小米 8 (6+128GB),Snapdragon 845
Xiaomi,Xiaomi 小米 MIX 2S (6+128GB),Snapdragon 845
LG,LG 樂金 V40 ThinQ (6+128GB),Snapdragon 845
AGM,AGM X3 (6+64GB),Snapdragon 845
LG,LG 樂金 Docomo style3 L-41A (4+64GB),Snapdragon 845
Sony,Sony Xperia XZ2 Premium (6+64GB),Snapdragon 845
Google,Google Pixel 3 XL (4+128GB),Snapdragon 845
Sony,Sony Xperia XZ3 (4+64GB),Snapdragon 845
Google,Google Pixel 3 (4+64GB),Snapdragon 845
Vivo,Vivo NEX (8+256GB),Snapdragon 845
Xiaomi,Xiaomi 小米 MIX 2S (6+64GB),Snapdragon 845
Vivo,Vivo NEX (8+128GB),Snapdragon 845
LG,LG 樂金 G7+ ThinQ (6+128GB),Snapdragon 845
Sony,Sony Xperia XZ3 (6+64GB),Snapdragon 845
Xiaomi,Xiaomi 小米 MIX 3 (8+128GB),Snapdragon 845
Vivo,Vivo iQOO Neo (8+128GB),Snapdragon 845
黑鯊,黑鯊 遊戲手機 (6+64GB),Snapdragon 845
黑鯊,黑鯊 遊戲手機 (8+128GB),Snapdragon 845
Xiaomi,Xiaomi 小米 MIX 2S (8+256GB),Snapdragon 845
Xiaomi,Xiaomi 小米 MIX 3 (6+128GB),Snapdragon 845
LG,LG 樂金 G7 ThinQ (4+64GB),Snapdragon 845
ASUS,ASUS ROG Phone (8+128GB),"Snapdragon 845,"
OnePlus,OnePlus 6T (6+128GB),"Snapdragon 845,"
ASUS,ASUS ROG Phone (8+512GB),"Snapdragon 845,"
Xiaomi,Xiaomi 小米 Pocophone F1 (6+128GB),"Snapdragon 845,"
Xiaomi,Xiaomi 小米 9T Pro (8+256GB),Snapdragon 855
LG,LG 樂金 G8 ThinQ (6+128GB) [韓版三鏡頭],Snapdragon 855
Samsung,Samsung 三星 Galaxy Fold 5G (12+512GB),Snapdragon 855
Google,Google Pixel 4 (6+128GB),Snapdragon 855
ASUS,ASUS ZenFone 6 (ZS630KL) (6+128GB),Snapdragon 855
Sony,Sony Xperia 1,Snapdragon 855
Google,Google Pixel 4 XL (6+64GB),Snapdragon 855
Sharp,Sharp 聲寶 AQUOS zero2 (SH-01M) (8+256GB),Snapdragon 855
OnePlus,OnePlus 7T Pro (8+256GB),Snapdragon 855
OnePlus,OnePlus 7T (8+128GB),Snapdragon 855
OnePlus,OnePlus 7T Pro McLaren Edition (12+256GB),Snapdragon 855
OnePlus,OnePlus 7T (8+256GB),Snapdragon 855
Samsung,Samsung 三星 Galaxy S10e (8+256GB),Snapdragon 855
Samsung,Samsung 三星 Galaxy S10 Lite (6+128GB),Snapdragon 855
Samsung,Samsung 三星 Galaxy S10 Lite (8+128GB),Snapdragon 855
Oppo,Oppo Reno Ace (8+128GB),Snapdragon 855
LG,LG 樂金 V50S ThinQ,Snapdragon 855
Google,Google Pixel 4 XL (6+128GB),Snapdragon 855
OnePlus,OnePlus 7 Pro (6+128GB),Snapdragon 855
Sony,Sony Xperia 5 (6+128GB),Snapdragon 855
Google,Google Pixel 4 (6+64GB),Snapdragon 855
OnePlus,OnePlus 7 GM1900 (8+256GB),Snapdragon 855
ASUS,ASUS ZenFone 6 (ZS630KL) (8+256GB),Snapdragon 855
Lenovo,Lenovo Z5 Pro GT (6+128GB) 碳纖黑,Snapdragon 855
Vivo,Vivo iQOO (12+128GB),Snapdragon 855
LG,LG 樂金 G8 ThinQ (6+128GB) [美版雙鏡頭],Snapdragon 855
Lenovo,Lenovo Z5 Pro GT (8+128GB),Snapdragon 855
OnePlus,OnePlus 7T Pro (8+256) 英國版,Snapdragon 855
OnePlus,OnePlus 7 GM1900 (12+256GB),Snapdragon 855
Samsung,Samsung 三星 Galaxy Fold (12+512GB),Snapdragon 855
Xiaomi,Xiaomi 小米 9 (6+64GB),Snapdragon 855
ASUS,ASUS ZenFone 6 (ZS630KL) (12+512GB),Snapdragon 855
Vivo,Vivo iQOO (6+128GB),Snapdragon 855
OnePlus,OnePlus 7 Pro (8+256GB),Snapdragon 855
Sharp,Sharp 聲寶 AQUOS R3,Snapdragon 855
OnePlus,OnePlus 7 Pro (12+256GB),Snapdragon 855
Samsung,Samsung 三星 Galaxy Note10+ 5G (12+512GB),Snapdragon 855
Vivo,Vivo iQOO (8+128GB),Snapdragon 855
Vivo,Vivo iQOO Pro 5G (12+256GB),Snapdragon 855
黑鯊,黑鯊 遊戲手機 2 (8+128GB),Snapdragon 855
Vivo,Vivo iQOO Pro 5G (8+256GB),Snapdragon 855
Vivo,Vivo iQOO Neo 855版 (8+256GB),Snapdragon 855
Vivo,Vivo NEX 3 5G (8+256GB),Snapdragon 855
Oppo,Oppo Reno 10X 十倍變焦版 (8+256GB),Snapdragon 855
Nubia,Nubia Z20 (8+128GB),Snapdragon 855
Xiaomi,Xiaomi 小米 9 Pro 5G (12+512GB),Snapdragon 855
Vivo,Vivo iQOO Pro (12+128GB),Snapdragon 855
Xiaomi,Xiaomi 小米 9 Pro 5G (12+256GB),Snapdragon 855
黑鯊,黑鯊 遊戲手機 2 (6+128GB),Snapdragon 855
LG,LG 樂金 G8S ThinQ (6+128GB),Snapdragon 855
Nubia,Nubia Z20 (8+128GB),Snapdragon 855
Xiaomi,Xiaomi 小米 紅米 K20 Pro (6+128GB),Snapdragon 855
Samsung,Samsung 三星 Galaxy Note10 (8+256GB),Snapdragon 855
Xiaomi,Xiaomi 小米 紅米 K20 Pro (8+128GB),Snapdragon 855
Xiaomi,Xiaomi 小米 9 (6+128GB),Snapdragon 855
Vivo,Vivo iQOO (12+256GB),Snapdragon 855
Xiaomi,Xiaomi 小米 紅米 K20 Pro (8+256GB),Snapdragon 855
Samsung,Samsung 三星 Galaxy Note10+ (12+256GB),Snapdragon 855
黑鯊,黑鯊 遊戲手機 2 (12+256GB),Snapdragon 855
Samsung,Samsung 三星 Galaxy Note10+ (12+256GB) (Star Wars Special Edition),Snapdragon 855
Xiaomi,Xiaomi 小米 9 (8+128GB),Snapdragon 855
Lenovo,Lenovo Z5 Pro GT (8+256GB),Snapdragon 855
Samsung,Samsung 三星 Galaxy Note10+ (12+512GB),Snapdragon 855
Samsung,Samsung 三星 Galaxy Note10+ 5G (12+256GB),Snapdragon 855
ASUS,ASUS ROG Phone II (8+128GB),Snapdragon 855+
黑鯊,黑鯊 遊戲手機 2 Pro (12+256GB),Snapdragon 855+
ASUS,ASUS ROG Phone II (12+512GB),Snapdragon 855+
realme,realme X2 Pro (8+128GB),Snapdragon 855+
Realme,Realme X2 Pro (6+64GB),Snapdragon 855+
ASUS,ASUS ROG Phone II (12GB+1TB),Snapdragon 855+
Samsung,Samsung 三星 Galaxy Z Flip (8+256GB),Snapdragon 855+
Xiaomi,Xiaomi 小米 POCO X3 Pro (8+256GB),Snapdragon 860
Xiaomi,Xiaomi 小米 POCO X3 Pro (6+128GB),Snapdragon 860
Xiaomi,Xiaomi 小米 Mi 10T 5G (8+128GB),Snapdragon 865
OnePlus,OnePlus 8T 5G (12+256GB),Snapdragon 865
Xiaomi,Xiaomi 小米 Mi 10T Pro 5G (8+256GB),Snapdragon 865
ASUS,ASUS ZenFone 7 Pro (ZS671KS) (8+256GB),Snapdragon 865
realme,realme X50 Pro 5G (8+128GB),Snapdragon 865
黑鯊,黑鯊 遊戲手機 3S 5G (12+256GB),Snapdragon 865
Xiaomi,Xiaomi 小米 Mi 10T Pro 5G (8+128GB),Snapdragon 865
Xiaomi,Xiaomi 小米 紅米 Redmi K30 Pro 5G 變焦版 (8+128GB),Snapdragon 865
Xiaomi,Xiaomi 小米 紅米 Redmi K30 Pro 5G 變焦版 (8+256GB),Snapdragon 865
Samsung,Samsung 三星 Galaxy S20 Ultra 5G (12+256GB),Snapdragon 865
黑鯊,黑鯊 遊戲手機 3S 5G (12+128GB),Snapdragon 865
Oppo,Oppo Find X2 5G (8+256GB),Snapdragon 865
Samsung,Samsung 三星 Galaxy S20 Ultra 5G (16+512GB),Snapdragon 865
Oppo,Oppo Find X2 英雄聯盟 S10 限定版 5G (8+256GB),Snapdragon 865
Vivo,Vivo iQOO 3 5G (12+256GB),Snapdragon 865
Samsung,Samsung 三星 Galaxy S20+ 5G (12+256GB),Snapdragon 865
Samsung,Samsung 三星 Galaxy S20 5G (12+128GB),Snapdragon 865
Samsung,Samsung 三星 Galaxy S20+ 5G (12+128GB),Snapdragon 865
Xiaomi,Xiaomi 小米 紅米 Redmi K30 Pro 5G (6+128GB),Snapdragon 865
Samsung,Samsung 三星 Galaxy S20 Ultra 5G (12+128GB),Snapdragon 865
ASUS,ASUS ZenFone 7 (ZS670KS) (6+128GB),Snapdragon 865
Samsung,Samsung 三星 Galaxy S20 (8+128GB),Snapdragon 865
ASUS,ASUS ZenFone 7 (ZS670KS) (8+128GB),Snapdragon 865
Samsung,Samsung 三星 Galaxy S20+ (8+128GB),Snapdragon 865
OnePlus,OnePlus 8T 5G (8+128GB),Snapdragon 865
Samsung,Samsung 三星 Galaxy S20 Ultra (12+128GB),Snapdragon 865
Nubia,Nubia RedMagic 5G (8+128GB),Snapdragon 865
Xiaomi,Xiaomi 小米 紅米 Redmi K30 Pro 5G (8+128GB),Snapdragon 865
Motorola,Motorola Edge+ 5G (12+256GB),Snapdragon 865
Vivo,Vivo iQOO Neo3 5G (8+128GB),Snapdragon 865
OnePlus,OnePlus 8 Pro 5G (8+128GB),Snapdragon 865
Lenovo,Lenovo Legion Pro 5G 拯救者電競手機 (12+128GB),Snapdragon 865
Lenovo,Lenovo Legion Pro 5G 拯救者電競手機 至尊透明版 (16+512GB),Snapdragon 865
ASUS,ASUS ROG Phone 3 Strix (12+128GB),Snapdragon 865
ASUS,ASUS ROG Phone 3 Strix (8+256GB),Snapdragon 865
Vivo,Vivo iQOO 3 5G (8+128GB),Snapdragon 865
Xiaomi,Xiaomi 小米 Pocophone F2 Pro 5G (8+256GB),Snapdragon 865
Nubia,Nubia 紅魔5G (8+128GB),Snapdragon 865
OnePlus,OnePlus 8 5G (12+256GB),Snapdragon 865
Vivo,Vivo iQOO Neo3 5G (12+128GB),Snapdragon 865
Xiaomi,Xiaomi 小米 10 至尊紀念版 5G (8+128GB),Snapdragon 865
Lenovo,Lenovo Legion Pro 5G 拯救者電競手機 (12+256GB),Snapdragon 865
Oppo,Oppo Find X2 Pro (12+256GB),Snapdragon 865
Vivo,Vivo iQOO Neo3 5G (8+256GB),Snapdragon 865
Samsung,Samsung 三星 Galaxy S20 FE 5G (8+128GB),Snapdragon 865
realme,realme X50 Pro 5G 玩家版 (12+128GB),Snapdragon 865
Oppo,Oppo Find X2 英雄聯盟 S10 限定版 5G (8+256GB),Snapdragon 865
Samsung,Samsung 三星 Galaxy S20 FE 5G (6+128GB),Snapdragon 865
Oppo,Oppo Reno5 Pro+ 5G (12+256GB),Snapdragon 865
黑鯊,黑鯊 遊戲手機 3 5G (12+128GB),Snapdragon 865
Nubia,Nubia 紅魔5G (12+128GB),Snapdragon 865
Nubia,Nubia 紅魔5S 5G (12+256GB),Snapdragon 865
Xiaomi,Xiaomi 小米 10 至尊紀念版 5G (16+512GB),Snapdragon 865
Oppo,Oppo Find X2 Pro (12+512GB),Snapdragon 865
Lenovo,Lenovo Legion Pro 5G 拯救者電競手機 (8+128GB),Snapdragon 865
Sharp,Sharp 聲寶 AQUOS R5G (12+256GB),Snapdragon 865
Sony,Sony Xperia 1 II (8+256GB),Snapdragon 865
Nubia,Nubia 紅魔5S 5G (8+128GB),Snapdragon 865
Xiaomi,Xiaomi 小米 Redmi K30S 至尊紀念版 5G (8+128GB),Snapdragon 865
Oppo,Oppo Ace2 5G (8+128GB),Snapdragon 865
Xiaomi,Xiaomi 小米 10 Pro 5G (8+256GB),Snapdragon 865
Xiaomi,Xiaomi 小米 10 5G (8+256GB),Snapdragon 865
OnePlus,OnePlus 8 5G (8+128GB),Snapdragon 865
Vivo,Vivo iQOO 5 Pro 5G 賽道版 (8+256GB),Snapdragon 865
LG,LG 樂金 V60 ThinQ 5G (8+128GB),Snapdragon 865
黑鯊,黑鯊 遊戲手機 3 Pro 5G (8+256GB),Snapdragon 865
Vivo,Vivo iQOO 3 5G (12+128GB),Snapdragon 865
Xiaomi,Xiaomi 小米 Pocophone F2 Pro 5G (6+128GB),Snapdragon 865
Xiaomi,Xiaomi 小米 10 Pro 5G (12+256GB),Snapdragon 865
Oppo,Oppo Ace2 5G (8+256GB),Snapdragon 865
黑鯊,黑鯊 遊戲手機 3 Pro 5G (12+256GB),Snapdragon 865
Smartisan,Smartisan 堅果 R2 5G (8+256GB),Snapdragon 865
黑鯊,黑鯊 遊戲手機 3 5G (8+128GB),Snapdragon 865
ASUS,ASUS ROG Phone 3 精英版 (12+128GB),Snapdragon 865
Xiaomi,Xiaomi 小米 10 至尊紀念版 5G (8+256GB),Snapdragon 865
Oppo,Oppo Reno5 Pro+ 5G (8+128GB),Snapdragon 865
Fujitsu,Fujitsu arrows 5G (F-51A),Snapdragon 865
Oppo,Oppo Find X3 Neo 5G (12+256GB),Snapdragon 865
Sony,Sony Xperia 5 II 5G (8+256GB),Snapdragon 865
Sony,Sony Xperia 1 II 5G (12+256GB),Snapdragon 865
Xiaomi,Xiaomi 小米 10 Pro 5G (12+512GB),Snapdragon 865
Vivo,Vivo X50 Pro+ 5G (12+256GB),Snapdragon 865
Nubia,Nubia 紅魔5G (12+256GB),Snapdragon 865
黑鯊,黑鯊 遊戲手機 3 5G (12+256GB),Snapdragon 865
Xiaomi,Xiaomi 小米 10 5G (8+128GB),Snapdragon 865
Samsung,Samsung 三星 Galaxy S20 FE 5G (8+256GB),Snapdragon 865
Oppo,Oppo Ace2 5G (12+256GB),Snapdragon 865
Vivo,Vivo iQOO 5 5G (8+128GB),Snapdragon 865
Vivo,Vivo iQOO 5 5G (12+256GB),Snapdragon 865
Vivo,Vivo iQOO 5 Pro 5G 賽道版 (12+256GB),Snapdragon 865
OnePlus,OnePlus 8 Pro 5G (12+256GB),Snapdragon 865
Xiaomi,Xiaomi 小米 10 至尊紀念版 5G (12+256GB),Snapdragon 865
ASUS,ASUS ROG Phone 3 (12+256GB),Snapdragon 865+
Samsung,Samsung 三星 Galaxy Note20 4G (8+256GB),Snapdragon 865+
Samsung,Samsung 三星 Galaxy Note20 Ultra 5G (12+512GB),Snapdragon 865+
ASUS,ASUS ROG Phone 3 至尊版 (16+512GB),Snapdragon 865+
ASUS,ASUS ROG Phone 3 至尊版 (12+512GB),Snapdragon 865+
ASUS,ASUS ROG Phone 3 經典版 (12+128GB),Snapdragon 865+
Samsung,Samsung 三星 Galaxy Z Flip 5G (8+256GB),Snapdragon 865+
ASUS,ASUS ROG Phone 3 經典版 (12+256GB),Snapdragon 865+
Samsung,Samsung 三星 Galaxy Note20 5G (8+128GB),Snapdragon 865+
Samsung,Samsung 三星 Galaxy Note20 5G (8+256GB),Snapdragon 865+
ASUS,ASUS ROG Phone 3 (12+128GB),Snapdragon 865+
ASUS,ASUS ROG Phone 3 (16+512GB),Snapdragon 865+
ASUS,ASUS ROG Phone 3 (12+512GB),Snapdragon 865+
Samsung,Samsung 三星 Galaxy Z Fold2 5G (12+256GB),Snapdragon 865+
Samsung,Samsung 三星 Galaxy Note20 Ultra 5G (12+256GB),Snapdragon 865+
Samsung,Samsung 三星 Galaxy Note20 Ultra 5G (12+128GB),Snapdragon 865+
Samsung,Samsung 三星 Galaxy Z Fold2 5G (12+512GB),Snapdragon 865+
Oppo,Oppo Find X3 5G (8+128GB),Snapdragon 870
Oppo,Oppo Reno6 Pro+ 5G (12+256GB),Snapdragon 870
Xiaomi,Xiaomi 小米 12X 5G (12+256GB),Snapdragon 870
黑鯊,黑鯊 4S 5G (12+256GB),Snapdragon 870
Vivo,Vivo iQOO Neo5 SE 5G (8+128GB),Snapdragon 870
realme,realme GT Neo2 5G (8+128GB),Snapdragon 870
realme,realme GT Neo2 5G (12+256GB),Snapdragon 870
Vivo,Vivo X60 5G (8+128GB),Snapdragon 870
Vivo,Vivo X60 Pro 5G (12+256GB),Snapdragon 870
Motorola,Motorola Edge S 5G (8+128GB),Snapdragon 870
黑鯊,黑鯊 4S 5G (8+128GB),Snapdragon 870
黑鯊,黑鯊 4S 5G (12+128GB),Snapdragon 870
Vivo,Vivo iQOO Neo5 活力版 5G (8+128GB),Snapdragon 870
Xiaomi,Xiaomi 小米 Redmi K40 5G (6+128GB),Snapdragon 870
OnePlus,OnePlus 9R 5G (8+256GB),Snapdragon 870
黑鯊,黑鯊 4 5G 電競遊戲手機 (6+128GB),Snapdragon 870
OnePlus,OnePlus 9R 5G (8+128GB),Snapdragon 870
ZTE,ZTE Axon 30 5G (6+128GB),Snapdragon 870
Oppo,Oppo Reno6 Pro+ 5G (12+256GB),Snapdragon 870
Oppo,Oppo Reno6 Pro+ 5G (8+128GB),Snapdragon 870
OnePlus,OnePlus 9R 5G (12+256GB),Snapdragon 870
realme,realme GT 大師探索版 (12+256GB),Snapdragon 870
Oppo,Oppo Reno6 Pro+ 5G 柯南限定版 (12+256GB),Snapdragon 870
黑鯊,黑鯊 4 5G 電競遊戲手機 (12+256GB),Snapdragon 870
黑鯊,黑鯊 4 5G 電競遊戲手機 (8+128GB),Snapdragon 870
Xiaomi,Xiaomi 小米 POCO F3 5G (8+256GB),Snapdragon 870
Xiaomi,Xiaomi 小米 POCO F3 5G (6+128GB),Snapdragon 870
Xiaomi,Xiaomi 小米 10S 5G (8+128GB),Snapdragon 870
Vivo,Vivo iQOO Neo5 5G (12+256GB),Snapdragon 870
Oppo,Oppo Find X3 5G (8+256GB),Snapdragon 870
Motorola,Motorola Edge 20 Pro (12+256GB),Snapdragon 870
Xiaomi,Xiaomi 小米 Redmi K40 5G (8+256GB),Snapdragon 870
Xiaomi,Xiaomi 小米 Redmi K40 5G (12+256GB),Snapdragon 870
黑鯊,黑鯊 4 5G 電競遊戲手機 (12+128GB),Snapdragon 870
Xiaomi,Xiaomi 小米 12X 5G (8+256GB),Snapdragon 870
Xiaomi,Xiaomi 小米 12X 5G (8+128GB),Snapdragon 870
realme,realme GT Neo2 5G 龍珠定製版 (12+256GB),Snapdragon 870
Xiaomi,Xiaomi 小米 Redmi K40 5G (8+128GB),Snapdragon 870
Motorola,Motorola Moto G100 (8+128GB),Snapdragon 870
Vivo,Vivo iQOO 8 (12+256GB),Snapdragon 888
Samsung,Samsung 三星 Galaxy Z Fold3 5G (12+256GB),Snapdragon 888
Oppo,Oppo Find X3 Pro 攝影師版 5G (16+512GB),Snapdragon 888
Oppo,Oppo Find N 5G (8+256GB),Snapdragon 888
Samsung,Samsung 三星 Galaxy Z Fold3 5G (12+512GB),Snapdragon 888
realme,realme GT 5G (8+128GB),Snapdragon 888
Xiaomi,Xiaomi 小米 11T Pro 5G (8+256GB),Snapdragon 888
OnePlus,OnePlus 9 5G (12+256GB),Snapdragon 888
Honor,Honor 榮耀 Magic3 5G (8+128GB),Snapdragon 888
OnePlus,OnePlus 9 Pro 5G (8+256GB),Snapdragon 888
Samsung,Samsung 三星 Galaxy Z Flip3 5G (8+128GB),Snapdragon 888
Vivo,Vivo iQOO 8 Pro 5G (12+256GB),Snapdragon 888
Samsung,Samsung 三星 Galaxy Z Fold3 5G Single Sim (12+512GB),Snapdragon 888
Samsung,Samsung 三星 Galaxy Z Flip3 5G (8+256GB),Snapdragon 888
Honor,Honor 榮耀 Magic3 Pro 5G (8+256GB),Snapdragon 888
Honor,Honor 榮耀 Magic3 至臻版 5G (12+512GB),Snapdragon 888
Vivo,Vivo X70 Pro+ 5G (8+256GB),Snapdragon 888
Vivo,Vivo iQOO 8 Pro 5G (8+256GB),Snapdragon 888
Vivo,Vivo iQOO Neo5S 5G (8+128GB),Snapdragon 888
Vivo,Vivo X60t Pro+ 5G (8+128GB),Snapdragon 888
Vivo,Vivo iQOO 8 (8+128GB),Snapdragon 888
Samsung,Samsung 三星 Galaxy Z Fold3 5G Single Sim (12+256GB),Snapdragon 888
Xiaomi,Xiaomi 小米 11T Pro 5G (8+128GB),Snapdragon 888
Samsung,Samsung 三星 Galaxy S21 5G (8+128GB),Snapdragon 888
Huawei,Huawei P50 Pocket 4G 藝術定制版 (12+512GB),Snapdragon 888
Nubia,Nubia RedMagic 紅魔 6R (8+128GB),Snapdragon 888
OnePlus,OnePlus 9 Pro 5G (8+128GB),Snapdragon 888
Xiaomi,Xiaomi 小米 11 5G (12+256GB),Snapdragon 888
ASUS,ASUS ROG Phone 5 5G (12+256GB),Snapdragon 888
Xiaomi,Xiaomi 小米 11 Pro 5G (8+256GB),Snapdragon 888
ASUS,ASUS ROG Phone 5 5G (8+128GB),Snapdragon 888
Sharp,Sharp 聲寶 AQUOS R6 (12+128),Snapdragon 888
ASUS,ASUS ROG Phone 5 Ultimate 5G (18+512GB),Snapdragon 888
Nubia,Nubia RedMagic 紅魔 6S Pro 5G (18+512GB) 戰地迷彩套裝,Snapdragon 888
ASUS,ASUS ROG Phone 5 Pro 5G (16+512GB),Snapdragon 888
黑鯊,黑鯊 4 Pro (8+128GB),Snapdragon 888
Huawei,Huawei P50 Pocket 4G (8+256GB),Snapdragon 888
ZTE,ZTE Axon 30 Ultra 5G (12+256GB),Snapdragon 888
Nubia,Nubia RedMagic 紅魔 6 5G (12+128GB),Snapdragon 888
Vivo,Vivo iQOO 7 5G (8+256GB),Snapdragon 888
Nubia,Nubia RedMagic 紅魔 6 Pro 5G (12+256GB),Snapdragon 888
Xiaomi,Xiaomi 小米 Redmi K40 Pro 5G (8+256GB),Snapdragon 888
Oppo,Oppo Find N 5G (12+512GB),Snapdragon 888
Nubia,Nubia RedMagic 紅魔 6S Pro 5G (12+128GB),Snapdragon 888
Xiaomi,Xiaomi 小米 11 Pro 5G (12+256GB),Snapdragon 888
Xiaomi,Xiaomi 小米 Mi 11i 5G (8+256GB),Snapdragon 888
Lenovo,Lenovo Legion 2 Pro 5G 拯救者電競手機 (16+256GB),Snapdragon 888
Lenovo,Lenovo Legion 2 Pro 5G 拯救者電競手機 (16+512GB),Snapdragon 888
Lenovo,Lenovo Legion 2 Pro 5G 拯救者電競手機 (18+256GB),Snapdragon 888
Lenovo,Lenovo Legion 2 Pro 5G 拯救者電競手機 (18+512GB),Snapdragon 888
Lenovo,Lenovo Legion 2 Pro 5G 拯救者電競手機 (12+128GB),Snapdragon 888
Lenovo,Lenovo Legion 2 Pro 5G 拯救者電競手機 (12+256GB),Snapdragon 888
Samsung,Samsung 三星 Galaxy S21 FE 5G (8+256GB),Snapdragon 888
Samsung,Samsung 三星 Galaxy S21 FE 5G (8+128GB),Snapdragon 888
Sony,Sony Xperia 1 III (12+256GB),Snapdragon 888
Sony,Sony Xperia 1 III (12+512GB),Snapdragon 888
Sony,Sony Xperia 5 III (8+256GB),Snapdragon 888
Xiaomi,Xiaomi 小米 Mix Fold 折疊屏手機 5G (12+256GB),Snapdragon 888
Oppo,Oppo Find X3 Pro 火星探索版 5G (16+512GB),Snapdragon 888
Vivo,Vivo X60 Pro+ 5G (8+128GB),Snapdragon 888
realme,realme GT 5G (12+256GB),Snapdragon 888
Nubia,Nubia RedMagic 紅魔 6 Pro 5G (16+256GB),Snapdragon 888
Lenovo,Lenovo Legion 2 Pro 拯救者電競手機 高能限量版 (16+256GB),Snapdragon 888
Vivo,Vivo iQOO 7 5G (12+256GB),Snapdragon 888
ASUS,ASUS ROG Phone 5 5G (16+256GB),Snapdragon 888
Nubia,Nubia RedMagic 紅魔 6 5G (8+128GB),Snapdragon 888
Leica,Leica Leitz phone 1 (12+256GB),Snapdragon 888
Xiaomi,Xiaomi 小米 11 5G (8+256GB),Snapdragon 888
Xiaomi,Xiaomi 小米 Mi 11i 5G (8+128GB),Snapdragon 888
Xiaomi,Xiaomi 小米 Redmi K40 Pro 5G (6+128GB),Snapdragon 888
Xiaomi,Xiaomi 小米 Redmi K40 Pro+ 5G (12+256GB),Snapdragon 888
Samsung,Samsung 三星 Galaxy S21 5G (8+256GB),Snapdragon 888
Nubia,Nubia RedMagic 紅魔 6S Pro 5G (16+256GB),Snapdragon 888
Samsung,Samsung 三星 Galaxy S21 Ultra 5G (12+256GB),Snapdragon 888
Samsung,Samsung 三星 Galaxy S21 Ultra 5G (16+512GB),Snapdragon 888
Nubia,Nubia RedMagic 紅魔 6S Pro 5G (16+256GB) 透明版,Snapdragon 888
Samsung,Samsung 三星 Galaxy S21+ 5G (8+128GB),Snapdragon 888
ASUS,ASUS Zenfone 8 (ZS590KS) (16+256GB),Snapdragon 888
ASUS,ASUS Zenfone 8 Flip (ZS672KS) (8+128GB),Snapdragon 888
ASUS,ASUS Zenfone 8 (ZS590KS) (12+256GB),Snapdragon 888
Sony,Sony Xperia PRO-I (12+512GB),Snapdragon 888
ASUS,ASUS Zenfone 8 Flip (ZS672KS) (8+256GB),Snapdragon 888
ASUS,ASUS Zenfone 8 (ZS590KS) (8+128GB),Snapdragon 888
ASUS,ASUS Zenfone 8 (ZS590KS) (8+256GB),Snapdragon 888
ASUS,ASUS ROG Phone 5 雙卡5G+5G (16+256GB),Snapdragon 888
Samsung,Samsung 三星 Galaxy S21 Ultra 5G (12+128GB),Snapdragon 888
Xiaomi,Xiaomi 小米 11 Pro 5G (8+128GB),Snapdragon 888
Samsung,Samsung 三星 Galaxy S21+ 5G (8+256GB),Snapdragon 888
OnePlus,OnePlus 9 5G (8+128GB),Snapdragon 888
Xiaomi,Xiaomi 小米 11 Ultra 5G (12+512GB),Snapdragon 888
OnePlus,OnePlus 9RT 5G (12+256GB),Snapdragon 888
Xiaomi,Xiaomi 小米 11 Ultra 5G (12+256GB),Snapdragon 888
OnePlus,OnePlus 9 Pro 5G (12+256GB),Snapdragon 888
ASUS,ASUS ROG Phone 5 5G (12+128GB),Snapdragon 888
Nubia,Nubia Z30 Pro 5G (8+256GB),Snapdragon 888
Xiaomi,Xiaomi 小米 Redmi K40 Pro 5G (8+128GB),Snapdragon 888
Xiaomi,Xiaomi 小米 11 5G (8+128GB),Snapdragon 888
Oppo,Oppo Find X3 Pro 5G (12+256GB),Snapdragon 888
OnePlus,OnePlus 9RT 5G (8+256GB),Snapdragon 888
Vivo,Vivo X60 Pro+ 5G (12+256GB),Snapdragon 888
OnePlus,OnePlus 9RT 5G (8+128GB),Snapdragon 888
Vivo,Vivo iQOO 7 5G (8+128GB),Snapdragon 888
Xiaomi,Xiaomi 小米 11 Ultra 5G (8+256GB),Snapdragon 888
Nubia,Nubia RedMagic 紅魔6R (12+256GB),Snapdragon 888
Vivo,Vivo X70 Pro+ 5G (12+512GB),Snapdragon 888+
黑鯊,黑鯊 4S Pro 5G (16+512GB),Snapdragon 888+
黑鯊,黑鯊 4 Pro 5G (12+256GB),Snapdragon 888+
ASUS,ASUS ROG Phone 5s 5G (16+256GB),Snapdragon 888+
ASUS,ASUS ROG Phone 5s Pro 5G (18+512GB),Snapdragon 888+
ASUS,ASUS ROG Phone 5s 5G (8+128GB),Snapdragon 888+
ASUS,ASUS ROG Phone 5s 5G (12+256GB),Snapdragon 888+
ASUS,ASUS ROG Phone 5s 5G (12+128GB),Snapdragon 888+
Xiaomi,Xiaomi 小米 MIX 4 5G (12+512GB),Snapdragon 888+
Vivo,Vivo iQOO 8 Pro 5G (12+512GB),Snapdragon 888+
Xiaomi,Xiaomi 小米 MIX 4 5G (8+256GB),Snapdragon 888+
ASUS,ASUS ROG Phone 5s 5G (18+512GB),Snapdragon 888+
Vivo,Vivo Vivo iQOO U3x 5G (8+128Gb),Snapdragon Qualcomm
Xiaomi,Xiaomi 小米 紅米 7A (2+16GB),Snapdragon SDM439
LG,LG 樂金 Q6+,Snapdragon 八核心
Vivo,Vivo Y95,Snapdragon 八核處理器
Xiaomi,Xiaomi 小米 11T Pro 5G (12+256GB),Snapdragon ️
LG,LG 樂金 V50 ThinQ 5G (V500N),snapdragon 855
Nubia,Nubia 紅魔 6 電競遊戲手機 (8+128GB),snapdragon 888
Nubia,Nubia 紅魔 6 Pro 電競遊戲手機 (12+256GB),snapdragon 888
LG,LG 樂金 Q Stylus+ (4+64GB),
Honor,Honor 榮耀 8S (2+32GB),
Samsung,Samsung 三星 Galaxy A7 (2018) (4+128GB),
Samsung,Samsung 三星 Galaxy A71 (8+128GB),
Vernee,Vernee X,
Honor,Honor 榮耀 X10 5G (6+128GB),
UleFone,UleFone 歐樂風 Armor 3,
Huawei,Huawei 暢享8e (3+32GB),
Lenovo,Lenovo K5 Play (3+32GB),
Huawei,Huawei 暢享8e 青春版 32GB,
Blackview,Blackview BV5800 Pro,
國美,國美 GOME C71 32GB 全網通高配版,
Doov,Doov L925,
Elephone,Elephone P8 MAX,
OUKITEL,OUKITEL K7,
Vivo,Vivo Y12 (3+64GB),
Meizu,Meizu 魅族 V8 Pro (4+64GB),
LG,LG 樂金 Q60 (3+64GB),
Meizu,Meizu 魅族 M8 (2019) (4+64GB),
Meizu,Meizu 魅族 M8 (2019) (4+64GB),
Oukitel,Oukitel WP5 Pro (4+64GB),
Vivo,Vivo Y91C,
Blackview,Blackview A80 Plus (4+64GB),
Blackview,Blackview BV6600 (4+64GB),
Blackview,Blackview A80s (4+64GB),
Blackview,Blackview BV6600 (4+64GB),
Vivo,Vivo Y3s 4G (4+128GB),
Vivo,Vivo Y17 (4+128GB),
Vivo,Vivo Y12s (3+32GB),
Blackview,Blackview BV6600 Pro (4+64GB),
Alcatel,Alcatel 3V (2+32GB),
Alcatel,Alcatel 5V,
Huawei,Huawei Y6s (3+64GB),
SOYES,SOYES XS11 (1+8GB),
SOYES,SOYES XS12 (3+32GB),
Doogee,Doogee S55,
Bluboo,Bluboo S3,
Samsung,Samsung 三星 Galaxy A12  (4+64GB),
Samsung,Samsung 三星 Galaxy A12 (4+128GB),
Oppo,Oppo Reno 3 (12+128GB),
Oppo,Oppo Reno 3 (8+128GB),
Samsung,Samsung 三星 A32 5G (6+128GB),
Oppo,Oppo Reno4 SE 5G (8+128GB),
UleFone,UleFone 歐樂風 Armor X3,
ivvi,ivvi F1S (2+16GB),
UleFone,UleFone 歐樂風 Note 8P (2+16GB),
Doogee,Doogee X95 (2+16GB),
Blackview,Blackview A80 (2+16GB),
Doogee,Doogee S35 (2+16GB),
UleFone,UleFone 歐樂風 S9 Pro (2+16GB),
UleFone,UleFone 歐樂風 Armor X,
Blackview,Blackview BV5500 Plus (3+32GB),
Doogee,Doogee BL5500 Lite (2+16GB),
TCL,TCL Handy T2 (T700X) (2+16GB),
VKWORLD,VKWORLD S8,
UleFone,UleFone 歐樂風 Power 2,
OUKITEL,OUKITEL WP8 Pro (4+64GB),
Doogee,Doogee S40 Pro (4+64GB),
UleFone,UleFone 歐樂風 Armor 5,
UleFone,UleFone 歐樂風 Power 3,
UleFone,UleFone 歐樂風 Power 5,
Honor,Honor 榮耀 X10 Max 5G (8+128GB),
Honor,Honor 榮耀 X10 Max 5G (6+128GB),
OUKITEL,OUKITEL C19 (2+16GB),
realme,realme V3 5G (6+64GB),
Doogee,Doogee S68 Pro (6+128GB),
Nokia,Nokia G20 (4+128GB),
Samsung,Samsung 三星 Galaxy A01 Core (1+16GB),
Honor,Honor 榮耀 7S (2+16GB),
Samsung,Samsung 三星 Galaxy A02 (3+32GB),
Vivo,Vivo Y15 2020 (4+128GB),
Samsung,Samsung 三星 Galaxy M22 (6+128GB),
Samsung,Samsung 三星 Galaxy M32 (6+128GB),
UleFone,UleFone 歐樂風 6S 軍規三防智能手機國際版,
Samsung,Samsung 三星 Galaxy A70 (6+128GB),
Samsung,Samsung 三星 Galaxy A70 (8+128GB),
Nokia,Nokia C01 PLUS (1+16GB),
Samsung,Samsung 三星 Galaxy A90 5G (6+128GB),
Samsung,Samsung 三星 Galaxy A10 (2+32GB),
Samsung,Samsung 三星 Galaxy A20 (3+32GB),
Samsung,Samsung 三星 Galaxy M30 (4+64GB),
Samsung,Samsung 三星 Galaxy M10 (2+16GB),
Samsung,Samsung 三星 Galaxy M10 (3+32GB),
Nokia,Nokia C30 4G (3+64GB),
Samsung,Samsung 三星 Galaxy A11 (3+32GB),
Samsung,Samsung 三星 Galaxy A11 (2+32GB),
UleFone,UleFone 歐樂風 Armor X5 (3+32GB),
UleFone,UleFone 歐樂風 Power 6 智能手機,
UleFone,UleFone 歐樂風 X 64GB,
UleFone,UleFone 歐樂風 Armor 3T,
UleFone,UleFone 歐樂風 Armor 2s 全球版,
UleFone,UleFone 歐樂風 Armor 2S Golden Limited Edition,
Nokia,Nokia C1 (1+16GB),
Sugar,Sugar A100 (2+16GB),
Samsung,Samsung 三星 Galaxy A6s (6+128GB),
Konka,Konka RE1 Rugged Phone,
Emporia,Emporia Smart 2 (2+16GB),
UleFone,UleFone 歐樂風 Note 7P 三鏡頭拍攝手機,
Nokia,Nokia 1.4 (2+32GB),
Huawei,Huawei Y7 Pro 2019 (3+32GB),
Elitek,Elitek S1,
Huawei,Huawei Y6 Prime 2018 (3+32GB),
Onkyo,Onkyo Granbeat DP-CMX1,
Caterpillar,Caterpillar CAT S61,
BlackBerry,BlackBerry Key2 (6+64GB),
BlackBerry,BlackBerry Key2 (6+128GB),
Fujitsu,Fujitsu Arrows NX F-01K,
Oppo,Oppo A72 (4+128GB),
Nokia,Nokia 5.4 (4+128GB),
Lenovo,Lenovo Z5,
Nokia,Nokia C20 (2+32GB),
Nokia,Nokia C20 (2+16GB),
LG,LG 樂金 G8X ThinQ DUAL (6+128GB) LMG850EMW,
realme,realme X (6+64GB),
realme,realme X (4+64GB),
Lenovo,Lenovo Z6 PRO (8+128),
Lenovo,Lenovo Z6 PRO (6+128),
Lenovo,Lenovo A7 (4+64GB),
OUKITEL,OUKITEL C25 (4+32GB),
UleFone,UleFone 歐樂風 Note 12P (4+64GB),
UleFone,UleFone 歐樂風 Note 10 (2+32GB),
realme,realme C21Y (4+64GB),
Blackview,Blackview BV6600E 4G (4+32GB),
realme,realme C11 (2021) (2+32GB),
Nokia,Nokia C21 (2+32GB),
UleFone,UleFone 歐樂風 Note 6P (2+32GB),
Doogee,Doogee X96 Pro (4+64GB),
Doogee,Doogee X96 Pro (4+64GB),
realme,realme C11 (2021) (4+64GB),
Samsung,Samsung 三星 Galaxy A03 Core (2+32GB),
Blackview,Blackview A70 Pro (4+32GB),
Honor,Honor 榮耀 Play5T (8+128GB),
realme,realme C25Y (4+128GB),
realme,realme C35 (4+128GB),
Doogee,Doogee S35T (3+64GB),
AGM,AGM A10 (4+64GB),
Oppo,Oppo A92s 5G (6+128GB),
Oppo,Oppo K7x 5G (6+128GB),
Moqi,Moqi 摩奇 i7,
Oppo,Oppo Find X5 Pro 5G 天璣版 (12+256GB),
Vivo,Vivo iQOO Z5x 5G (8+128GB),
Oppo,Oppo Reno6 5G (8+128GB),
Xiaomi,Xiaomi 小米 Redmi K50 Pro 5G (8+128GB),
Vivo,Vivo S10e 5G (8+128GB),
Vivo,Vivo iQOO Z5x 5G 斗羅大陸4禮盒 (8GB+128GB),
Vivo,Vivo T1x 5G (6+128GB),
realme,realme V5 5G (8+128GB),
Vivo,Vivo Y52s 5G (8+128GB),
Huawei,Huawei Nova 8 SE 5G 標配版 (8+128GB),
realme,realme Q2i 5G (4+128GB),
realme,realme V11 5G (4+128GB),
Vivo,Vivo Y72 5G (8+128GB),
Oppo,Oppo A93s 5G (8+256GB),
realme,realme Q3i 5G (4+128GB),
realme,realme V13 5G (8+256GB),
realme,realme X7 Pro 至尊版 (12+256GB),
realme,realme GT Neo2T 5G (8+128GB),
Oppo,Oppo Reno5 Pro 5G (12+256GB),
realme,realme X7 Pro 5G (8+128GB),
Xiaomi,Xiaomi 小米 Redmi K30 至尊紀念版 (8+128GB),
Xiaomi,Xiaomi 小米 Redmi K30 至尊紀念版 (6+128GB),
realme,realme X7 Pro 5G (8+256GB),
Oppo,Oppo Reno5 Pro 5G (8+128GB),
Xiaomi,Xiaomi 小米 Redmi K40 5G 遊戲增強版 (8+128GB),
Oppo,Oppo Reno6 Pro 5G (8+128GB),
Xiaomi,Xiaomi 小米 Redmi K40 5G 遊戲增強版 (12+128GB),
Vivo,Vivo S9 5G (12+256GB),
Vivo,Vivo S9 5G (8+128GB),
Honor,Honor 榮耀 V40 5G (8+128GB),
Oppo,Oppo Reno7 Pro 5G (8+256GB),
Oppo,Oppo Reno7 Pro 5G 英雄聯盟手游限定版 (12+256GB),
realme,realme GT Neo 閃速版 (12+256GB),
Oppo,Oppo Reno6 Pro 5G (12+256GB),
Xiaomi,Xiaomi 小米 Redmi K40 5G 遊戲增強版 (12+256GB),
Vivo,Vivo S12 Pro 5G (8+128GB),
Vivo,Vivo S10 5G (8+128GB),
Vivo,Vivo S10 Pro 5G (12GB+256GB),
realme,realme GT Neo 5G (12+256GB),
realme,realme Q3 Pro 5G (8+128GB),
realme,realme Q3 Pro 5G (8+256GB),
realme,realme Q2 Pro QQ 飛車聯名 (8+256GB),
Xiaomi,Xiaomi 小米 紅米 Redmi Note 9 5G (6+128GB),
Xiaomi,Xiaomi 小米 紅米 Redmi Note 9T 5G (6+128GB),
realme,realme X7 5G (8+128GB),
Honor,Honor 榮耀 V40 輕奢版 5G (8+128GB),
realme,realme Q2 Pro 5G (8+128GB),
Xiaomi,Xiaomi 小米 紅米 Redmi Note 9T 5G (4+128GB),
Vivo,Vivo IQOO U3 5G (8+128GB),
Vivo,Vivo IQOO U3 5G (6+128GB),
Oppo,Oppo A95 5G (8+128GB),
Xiaomi,Xiaomi 小米 Redmi 10X 5G (6+128GB),
Xiaomi,Xiaomi 小米 Redmi 10X 5G (8+128GB),
Xiaomi,Xiaomi 小米 Redmi 10X Pro 5G (8+256GB),
realme,realme V15 5G (6+128GB),
Vivo,Vivo Y76s 5G (8+128GB),
Honor,Honor 榮耀 X30i 5G (6+128GB),
Oppo,Oppo K9x 5G (6+128GB),
Meizu,Meizu 魅族 M3 Max (3+64GB),
Meitu,Meitu 美圖 M4,
LG,LG 樂金 G3 D858 Dual SIM,
Xiaomi,Xiaomi 小米 紅米4 (3+32GB),
LeEco樂視,LeEco樂視 超級手機 Le 1 16GB (停產),
Samsung,Samsung 三星 Galaxy S10+ (8+512GB),
Samsung,Samsung 三星 GT-S7230 Wave 723,
Xiaomi,Xiaomi 小米 MIX 尊享版 (6+256GB),
Xiaomi,Xiaomi 小米 紅米4 (3+32GB),
Samsung,Samsung 三星 Galaxy C5 32GB,
Vivo,Vivo xplay 3s,
Apple,Apple iPhone 5 32GB,
Xiaomi,Xiaomi 小米 MIX 尊享版 (6+256GB),
Meizu,Meizu 魅族 M3 Max (3+64GB),
AU,AU Sony Xperia Z3 SOL26,
Lava,Lava Xolo X1000,
Xiaomi,Xiaomi 小米 紅米 Note 5 (3+32GB),
UleFone,UleFone 歐樂風 N9776,
Honor,Honor 榮耀 V9 (6+128GB),
Xiaomi,Xiaomi 小米 Max 32GB 全網通,
BlackBerry,BlackBerry Passport,
Honor,Honor 榮耀 V9 (6+128GB),
Samsung,Samsung 三星 Galaxy 580,
Xiaomi,Xiaomi 小米 Max 32GB 全網通,
UleFone,UleFone 歐樂風 Gemini,
Samsung,Samsung 三星 Galaxy Note 3 SM-N9000,
Samsung,Samsung 三星 Wave II S8530,
ASK,ASK SP518,
HTC,HTC EVO 3D,
islyou,islyou U8,
LG,LG 樂金 G4 (F500S/K),
Meizu,Meizu 魅族 MX4,
HTC,HTC Desire 700 dual sim,
Huawei,Huawei P9 64GB 雙卡香港版,
MIT,MIT N7189,
Lenovo,Lenovo 樂檬 A6600,
LG,LG 樂金 V10 H961N,
Nubia,Nubia Z17 mini (6+64GB),
HTC,HTC ONE E8,
Huawei,Huawei Nexus 6P,
Xiaomi,Xiaomi 小米 紅米Note 5A 高配版 (4+64GB),
i-Touch,i-Touch T3 SMART PAD,
ASUS,ASUS PadFone S PF500KL 香港版,
Xiaomi,Xiaomi 小米 紅米Note 2,
Meizu,Meizu 魅族 V8 (3+32GB),
ZTE,ZTE Grand Era U895,
BlackBerry,BlackBerry Motion,
Nubia,Nubia Z11 Mini,
Lenovo,Lenovo A750,
HTC,HTC One E9+,
Samsung,Samsung 三星 Galaxy A60 (6+128GB),
Samsung,Samsung 三星 Galaxy Core,
OnePlus,OnePlus 3T 64GB 全網版,
ONE-MAX,ONE-MAX S720c,
Samsung,Samsung 三星 SHV-E370K Galaxy S4 Mini LTE,
UleFone,UleFone 歐樂風 MIX 2,
Samsung,Samsung 三星 SHV-E310 Galaxy Mega 6.3 LTE,
Samsung,Samsung 三星 Galaxy J5,
ASK,ASK SP517,
Samsung,Samsung 三星 Galaxy S4 TD-LTE GT-i9507,
UleFone,UleFone 歐樂風 U650 (1G Ram+16GB Rom),
Lenovo,Lenovo 大樂檬 A7000,
Motorola,Motorola XT701,
BlackBerry,BlackBerry Classic,
HTC,HTC One ME dual sim,
Huawei,Huawei Ascend Mate7 MT7-L09 單卡,
Motorola,Motorola Backflip ME600,
Nubia,Nubia Z7 Max,
Oppo,Oppo N3,
HTC,HTC One M9+ 光學防手震極速對焦,
BlackBerry,BlackBerry Porsche Design P'9983 (Graphite),
BlackBerry,BlackBerry Porsche Design P'9982,
Xiaomi,Xiaomi 小米 4C 標準版,
Samsung,Samsung 三星 Galaxy Ace S5830,
LeEco樂視,LeEco樂視 Le 2 32GB X620 (停產),
BlackBerry,BlackBerry Z30,
BlackBerry,BlackBerry Bold 9790,
Motorola,Motorola Moto E3,
HTC,HTC Desire 10 pro (4+64GB),
Xiaomi,Xiaomi 小米 5 香港標準版 32GB,
Samsung,Samsung 三星 Galaxy Note 3 Neo,
Samsung,Samsung 三星 Galaxy Folder 2,
Lenovo,Lenovo 樂檬 K3 Note,
OnePlus,OnePlus 3T 64GB 香港版,
Honor,Honor 榮耀 6 LTE DUAL SIM,
BlackBerry,BlackBerry Passport Silver Edition,
Honor,Honor 榮耀 X2 Dual SIM 32GB 精英版,
LG,LG 樂金 G Flex D958 32GB,
ASK,ASK SP568,
Xiaomi,Xiaomi 小米 Note 2 標配版(4GB RAM + 64GB ROM),
ASUS,ASUS 飛馬3s,
Xiaomi,Xiaomi 小米 紅米 Note 7 (6+128GB),
Meizu,Meizu 魅族 MX4 Pro,
Meitu,Meitu 美圖 M8,
ONE-MAX,ONE-MAX S9500,
Oppo,Oppo R15 夢鏡版 (6+128GB),
HTC,HTC One A9 16GB,
Samsung,Samsung 三星 Galaxy E7,
ASK,ASK SP571,
Xiaomi,Xiaomi 小米 5 高配版,
Samsung,Samsung 三星 Galaxy A40s,
i-Touch,i-Touch S3380,
Xiaomi,Xiaomi 小米 Note 移動頂配版,
Motorola,Motorola Moto Z Play XT1635,
Apple,Apple iPhone 7 (PRODUCT) RED Special Edition 128GB,
Tonino,Tonino Lamborghini Antares TL66,
Sugar,Sugar 2,
iNEW,iNEW L1,
Samsung,Samsung 三星 Galaxy A5 (2016),
Meitu,Meitu 美圖 M8s 美少女戰士限量版,
HTC,HTC One XL+,
Nubia,Nubia Z17 暢享版,
Samsung,Samsung 三星 Galaxy S II 4G,
UleFone,UleFone 歐樂風 N9002,
LeEco樂視,LeEco樂視 超級手機 Le 1s 32GB (停產),
Sony,Sony Xperia M2 Aqua,
Coolpad,Coolpad 大神 NOTE 3 (全網通),
i-Touch,i-Touch HD2+ 四核版,
Meitu,Meitu 美圖 M8s 美少女戰士限量版,
HP,HP iPAQ Data Messenger,
Samsung,Samsung 三星 Galaxy S6 edge+ 32GB,
islyou,islyou U5,
LG,LG 樂金 K83 5G (6+64GB),
Samsung,Samsung 三星 Galaxy S III SCH-I939,
LG,LG 樂金 AKA F520 K/S/L,
LG,LG 樂金 G3 (F400S/K/L),
Xiaomi,Xiaomi 小米 Note 3 64GB,
Xiaomi,Xiaomi 小米 紅米 Note 2 雙網高配版 32GB,
Nubia,Nubia Z9 MAX Dual SIM 雙網,
UleFone,UleFone 歐樂風 N9389 四核版,
Akai,Akai 雅佳 A580,
Samsung,Samsung 三星 Galaxy S5 SM-G900H,
Oppo,Oppo Find 7 16G 輕裝版,
Sony,Sony Xperia M4 Aqua,
LeEco樂視,LeEco樂視 Le Max 2 全網通版 64GB (停產),
Sony,Sony Ericsson P1i,
UleFone,UleFone 歐樂風 HD9000+,
Samsung,Samsung 三星 Galaxy A7 (2015),
LG,LG 樂金 Optimus G Pro E988,
Honor,Honor 榮耀 3C 4G LTE,
Jiayu,Jiayu 佳域 G4 （標準版）,
i-Touch,i-Touch Hd 88,
UleFone,UleFone 歐樂風 u7,
LG,LG 樂金 AKA H788,
Xiaomi,Xiaomi 小米 5 32GB 香港版,
Honor,Honor 榮耀 X1,
Motorola,Motorola XT390,
ASK,ASK SP481,
Lenovo,Lenovo A7700,
Huawei,Huawei P9 Plus 64GB 香港雙卡版,
Nubia,Nubia Z9 MAX Dual SIM 全網通,
OnePlus,OnePlus 3T 128GB 香港版,
HTC,HTC Touch Viva,
UleFone,UleFone 歐樂風 N9589,
ONE-MAX,ONE-MAX U658,
Coolpad,Coolpad 大神F2 Dual SIM 8675,
LG,LG 樂金 G4c,
Honor,Honor 榮耀 暢玩5X 雙4G版,
Samsung,Samsung 三星 Galaxy Note 9 (8+512GB),
Samsung,Samsung 三星 Galaxy Round LTE,
LG,LG 樂金 G2 D802TA TD-LTE,
ASK,ASK SP569,
Samsung,Samsung 三星 Galaxy S5 LTE-A (SM-G900S),
HTC,HTC ONE M9+,
LG,LG 樂金 K10 Power,
UleFone,UleFone 歐樂風 U692,
Hedy,Hedy 七喜 H701 (升級版),
Pantech,Pantech Vega Iron IM-A870S,
Huawei,Huawei Ascend P8 MAX Dual SIM 32GB,
ONE-MAX,ONE-MAX N8800,
HTC,HTC One M7 64GB,
i-Touch,i-Touch P9 Mobile Pad,
Samsung,Samsung 三星 Galaxy S7 Edge (SM-G9350),
Meizu,Meizu 魅族 M5c,
Smartisan,Smartisan 堅果 Pro 32G,
Vivo,Vivo X9s,
VEGA,VEGA Secret Up IM-A900S,
Nubia,Nubia Z17 mini (4+64GB),
Huawei,Huawei Nexus 6P 香港版 64GB,
Docomo,Docomo SH-10D,
Samsung,Samsung 三星 Galaxy C7 Pro,
LG,LG 樂金 X FAST K600,
Meizu,Meizu 魅族 M5 Note (4+64GB),
ZTE,ZTE BLADE Vec 4G,
Nubia,Nubia Z11 Mini S,
ZTE,ZTE Blade V880,
Samsung,Samsung 三星 Galaxy Note 3 N9000 16GB,
islyou,islyou LTE1,
Samsung,Samsung 三星 Galaxy S6 Edge (G9250) 32GB,
UleFone,UleFone 歐樂風 U9592,
Huawei,Huawei Ascend P8 Dual SIM TD-LTE 標準版,
UleFone,UleFone 歐樂風 S4T 32GB,
Honor,Honor 榮耀 暢玩6X 32GB,
SPEED,SPEED M20pro (2+16GB),
ASK,ASK SP680,
AU,AU isai LGL24,
Samsung,Samsung 三星 Galaxy S7 32GB,
Wiko,Wiko Rainbox,
LG,LG 樂金 G4 H815T,
Samsung,Samsung 三星 GT-S5750 Wave 575,
LG,LG 樂金 Optimus G Pro F240,
Huawei,Huawei Ascend P8 MAX Dual SIM 64GB,
Samsung,Samsung 三星 Galaxy Express 2 G3815,
Apple,Apple iPhone 5 64GB,
ZTE,ZTE u880,
Xiaomi,Xiaomi 小米 Note 標準版全網通,
ASUS,ASUS ZenFone 2 Laser (ZE500KL),
LG,LG 樂金 G Flex,
HTC,HTC Touch 3G,
ONE-MAX,ONE-MAX G9000,
Samsung,Samsung 三星 Galaxy Alpha SM-G850S/K,
Samsung,Samsung 三星 Galaxy A9 (2016) 高配版 (4+32GB),
Elephone,Elephone P8,
UleFone,UleFone 歐樂風 U650,
i-Touch,i-Touch Mx508,
Meitu,Meitu 美圖 T8 幻影黑特別版,
Samsung,Samsung 三星 Galaxy On7 SM-G6000,
Huawei,Huawei Nova 4+64GB,
OnePlus,OnePlus One 64GB,
HTC,HTC S741,
i-Touch,i-Touch HD 89+ 四核版,
Sony,Sony Xperia M5 Dual,
InFocus,InFocus IN810,
Sony,Sony Xperia E3,
LG,LG 樂金 Optimus G F180K,
Motorola,Motorola Nexus 6,
Samsung,Samsung 三星 NTTdocomo Galaxy S II LTE SC-03D,
Xiaomi,Xiaomi 小米 4C 高配版,
ASK,ASK SP440,
AU,AU isai LG G Flex LGL23,
HTC,HTC One M9,
Samsung,Samsung 三星 Galaxy S5 LTE-A (SM-G906S),
HTC,HTC P3600i,
i-Touch,i-Touch HD2S 1.5GHz,
Coolpad,Coolpad 大神 F2 全高清版 8675-FHD,
ASK,ASK SP588,
ASK,ASK SP515,
Motorola,Motorola E3 Power,
i-Touch,i-Touch HD 5 四核,
Oppo,Oppo R9 Plus Dual SIM 全網通版,
UleFone,UleFone 歐樂風 U69,
Xiaomi,Xiaomi 小米 Note 全網頂配版,
iOcean,iOcean X7,
OnePlus,OnePlus 2 64GB,
HTC,HTC Touch Cruise,
Motorola,Motorola MIX XT550,
Akai,Akai 雅佳 A9,
Huawei,Huawei Nexus 6P 香港版 32GB,
i-Touch,i-Touch i8508,
UleFone,UleFone 歐樂風 HD7,
Huawei,Huawei G7 Plus,
i-Touch,i-Touch HD908,
Meitu,Meitu 美圖 M8s,
HTC,HTC One E9 dual sim,
Moqi,Moqi 摩奇 遊戲手機 I7s,
Smartisan,Smartisan 堅果 Pro 64G,
BlackBerry,BlackBerry Z10,
Sony,Sony Xperia Z3+ Dual,
LG,LG 樂金 Nexus 5X 16GB,
LG,LG 樂金 V10 F600,
Samsung,Samsung 三星 Galaxy S9 (4+64GB),
Sony,Sony Xperia Z3,
Samsung,Samsung 三星 Galaxy A7 (2018) (4+64GB),
Sony,Sony Xperia L1 G3311,
Huawei,Huawei Y6 Pro,
Sony,Sony Xperia T3,
Sony,Sony Xperia Z2,
Samsung,Samsung 三星 Galaxy J1,
Lenovo,Lenovo K8,
Samsung,Samsung 三星 Galaxy Note20 Ultra 4G Dual (8+256GB),
ASUS,ASUS ZenFone 2 ZE551ML (4+64GB) 香港版,
LG,LG 樂金 Q8,
Xiaomi,Xiaomi 小米 紅米4X (3+32GB) 高配香港版,
Sony,Sony Xperia T LTE,
Samsung,Samsung 三星 Galaxy S10+ (8+128GB),
Samsung,Samsung 三星 Galaxy C5 64GB,
Meizu,Meizu 魅族 C9 (2+16GB),
Samsung,Samsung 三星 Galaxy S7 Edge 128GB,
Honor,Honor 榮耀 V9 (6+64GB),
Caterpillar,Caterpillar CAT S41 Dual SIM,
Samsung,Samsung 三星 Galaxy Note 8 (6+128GB),
HTC,HTC Butterfly 3 HTV31,
HTC,HTC U Ultra,
LG,LG 樂金 Optimus Vu II F200,
ASK,ASK SP461,
Samsung,Samsung 三星 Galaxy A7 (2016),
Huawei,Huawei Mate 8 Dual SIM 64GB 高配香港版,
Samsung,Samsung 三星 Galaxy J7 (2016),
LeEco樂視,LeEco樂視 超級手機 Le Max 64GB (停產),
Xiaomi,Xiaomi 小米 紅米NOTE 4G LTE 單卡,
Motorola,Motorola MOTO X Force,
Samsung,Samsung 三星 Galaxy S5 SM-G900F,
Samsung,Samsung 三星 Galaxy S10 (8+128GB),
Smartisan,Smartisan 堅果 Pro 128G,
LG,LG 樂金 X screen,
ASUS,ASUS ZenFone Selfie (ZD551KL),
Caterpillar,Caterpillar CAT S31,
Oppo,Oppo R9s Plus 64GB,
Huawei,Huawei Nova Plus 玫瑰金,
UleFone,UleFone 歐樂風 P6(NFC手機),
HTC,HTC One mini 16GB,
LG,LG 樂金 G Flex 2 H959,
Oppo,Oppo R9S 64GB,
VEGA,VEGA IRON2 A910S/K/L,
Samsung,Samsung 三星 Galaxy Mini S5570,
Samsung,Samsung 三星 Galaxy Folder G1600,
LG,LG 樂金 Nexus 5X 32GB,
Sony,Sony Ericsson XPERIA NX SO-02D,
HTC,HTC ONE (M8),
Samsung,Samsung 三星 Galaxy S4 GT-I9500 3G 16GB,
Vivo,Vivo X20 (4+64GB),
Samsung,Samsung 三星 Galaxy C9 Pro,
Samsung,Samsung 三星 Galaxy S8+ (6+128GB),
Pantech,Pantech Vega LTE-A A880,
Oppo,Oppo Find 7,
Sony,Sony Ericsson Xperia acro SO-02C,
Huawei,Huawei MediaPad X1,
Blackview,Blackview A60 Plus (4+64GB),
Sony,Sony Xperia Z5 Dual,
Nokia,Nokia 3.1 Plus (3+32GB),
Huawei,Huawei Mate S Dual SIM 64GB,
OnePlus,OnePlus X,
Samsung,Samsung 三星 Galaxy Note 4 N9109W Dual SIM 電信定制版,
Samsung,Samsung 三星 Note 3 Neo (N7505),
LeEco樂視,LeEco樂視 Le 2 32GB X520 (停產),
Xiaomi,Xiaomi 小米 紅米Note,
Samsung,Samsung 三星 Galaxy S6,
Samsung,Samsung 三星 Galaxy Note Edge SM-N915S,
Samsung,Samsung 三星 Galaxy S9+ 256GB,
Apple,Apple iPhone 6 128GB,
Apple,Apple iPhone 4S 8GB,
Lenovo,Lenovo Phab2 Plus,
Samsung,Samsung 三星 Galaxy S II i9100,
BlackBerry,BlackBerry Bold Touch 9900,
Apple,Apple iPhone 5C 16GB,
Docomo,Docomo Galaxy Note Edge SC-01G,
LG,LG 樂金 G2,
Motorola,Motorola Moto G XT1033,
LG,LG 樂金 Stylus 2 Plus,
LCPO,LCPO L3 (1+8GB),
Samsung,Samsung 三星 Galaxy S10+ (12GB+1TB),
ASUS,ASUS ZenFone 5 LTE (A500KL),
LG,LG 樂金 G5 H850,
Samsung,Samsung 三星 Galaxy J5 Prime (2016) (2+16GB),
Samsung,Samsung 三星 Galaxy A9 (2016) (3+32GB),
Samsung,Samsung 三星 Galaxy S I9000,
Samsung,Samsung 三星 Galaxy Note 9 (6+128GB),
Samsung,Samsung 三星 Galaxy A5 (A5000),
ASUS,ASUS ZenFone 4 (6+64GB),
Motorola,Motorola Moto G5 Plus,
Apple,Apple iPhone 5 16GB,
Sony,Sony Xperia Z5 Compact,
Caterpillar,Caterpillar CAT S60,
Marshall,Marshall London,
LG,LG 樂金 G3 (D855),
Samsung,Samsung 三星 Galaxy J7 SM-J700F,
Samsung,Samsung 三星 Galaxy Note 8 (6+256GB),
BlackBerry,BlackBerry Priv,
Nokia,Nokia Lumia 525,
Samsung,Samsung 三星 Galaxy C8 64GB,
Xiaomi,Xiaomi 小米 Note 3 128GB,
Samsung,Samsung 三星 Galaxy J3 (2016),
Huawei,Huawei Mate 8 標準版 32GB,
Motorola,Motorola Moto G5S Plus,
Motorola,Motorola Moto Z XT1650,
OnePlus,OnePlus One,
LG,LG 樂金 Spirit (H422),
Samsung,Samsung 三星 Galaxy S6 edge+ 64GB,
Honor,Honor 榮耀 9 (6+64GB),
Samsung,Samsung 三星 Galaxy Note 3 N9005 16GB 4G LTE,
ASUS,ASUS Zenfone Go,
Samsung,Samsung 三星 Galaxy Note 5 32GB,
UleFone,UleFone 歐樂風 U008 Pro,
Sony,Sony Xperia C4 Dual,
Huawei,Huawei U8650,
Samsung,Samsung 三星 Galaxy S7 Edge 32GB,
LG,LG 樂金 G6+ (4+128GB),
Xiaomi,Xiaomi 小米 紅米手機2,
Samsung,Samsung 三星 Galaxy S4 with LTE+ I9506,
Samsung,Samsung 三星 Galaxy S6 Edge,
Samsung,Samsung 三星 Galaxy J6,
Kyocera,Kyocera GRATINA 4G KYF31,
ASUS,ASUS ZenFone 3 Max (ZC553KL),
Xiaomi,Xiaomi 小米 MIX (4+128GB),
Samsung,Samsung 三星 Galaxy S5,
Huawei,Huawei Y9 Prime 2019,
MIT,MIT T1,
Xiaomi,Xiaomi 小米 小米手機4 聯通4G版,
KODAK,KODAK Ektra,
Xiaomi,Xiaomi 小米 紅米手機3標準版,
Alcatel,Alcatel Idol 3,
Samsung,Samsung 三星 Galaxy Grand Prime (SM-G5308),
Sugar,Sugar F9 (4+64GB),
HTC,HTC Desire 310,
Samsung,Samsung 三星 Galaxy A8 (2015),
Honor,Honor 榮耀 X2,
Samsung,Samsung 三星 Galaxy S8+ (4+64GB),
Gionee,Gionee Elite E3,
Samsung,Samsung 三星 Galaxy S4 LTE I9505,
Samsung,Samsung 三星 Galaxy Note 4 N9100 Dual SIM,
LG,LG 樂金 G2 F320,
UleFone,UleFone 歐樂風 Armor,
HTC,HTC Desire 616W Dual SIM,
Xiaomi,Xiaomi 小米 紅米 Note 3 雙網版 32GB,
Google,Google Android,
Samsung,Samsung 三星 Galaxy S7 Edge 64GB,
Lenovo,Lenovo S5 (4+64GB),
Alcatel,Alcatel POP 4 PLUS,
Samsung,Samsung 三星 Galaxy S4 I9508,
Acer,Acer Liquid S2,
Xiaomi,Xiaomi 小米 紅米6 (3+32GB),
Xiaomi,Xiaomi 小米 紅米Note 4 64GB 高配原裝香港版,
BlackBerry,BlackBerry Q10 LTE,
Alcatel,Alcatel A3 XL,
Xiaomi,Xiaomi 小米 紅米 Note 3 全網通版 16GB,
Apple,Apple iPhone 5C 32GB,
Apple,Apple iPhone 7 (PRODUCT) RED Special Edition 256GB,
Sony,Sony MDR-XB950B1,
Xiaomi,Xiaomi 小米 紅米Note 5A 高配版 (3+32GB),
Xiaomi,Xiaomi 小米 5 標准版,
Google,Google Nexus S i9023 16GB,
Yota,Yota Yotaphone 3,
i-Touch,i-Touch N9320,
LG,LG 樂金 G6,
Samsung,Samsung 三星 Galaxy A6+ (4+64GB),
Samsung,Samsung 三星 Galaxy Alpha G8508S TD-LTE,
HTC,HTC Touch DiaMOND,
Docomo,Docomo Sony Z4 SO-03G,
Samsung,Samsung 三星 Galaxy S Plus i9001,
LeEco樂視,LeEco樂視 超級手機 Le 1 32GB (停產),
ONE-MAX,ONE-MAX N9000,
Sony,Sony Xperia E3 Dual,
Huawei,Huawei Ascend Mate7 Dual SIM 4G,
LG,LG 樂金 GW825v,
ASK,ASK SP513,
Samsung,Samsung 三星 Galaxy S i9003,
Samsung,Samsung 三星 Galaxy On5 (SM-G5500),
Sharp,Sharp 聲寶 SH7218U,
i-Touch,i-Touch i8500,
Huawei,Huawei Ascend P8 Dual SIM TD-LTE 高配版,
Huawei,Huawei G610,
Huawei,Huawei Mate RS Porsche Design (6+256GB),
Samsung,Samsung 三星 Galaxy A7 (2017),
Samsung,Samsung 三星 Galaxy C7 64GB,
LeEco樂視,LeEco樂視 Le 2 PRO X20 4GB＋32GB (停產),
ASUS,ASUS ZenFone 2 Laser 32GB (ZE550KL),
Samsung,Samsung 三星 Galaxy Folder G150,
Meitu,Meitu 美圖 T8,
Samsung,Samsung 三星 Galaxy Note 8 (6+64GB),
UleFone,UleFone 歐樂風 MIX 64GB,
Vivo,Vivo X21 (6+64GB),
Samsung,Samsung 三星 Galaxy S10 (8+512GB),
Vivo,Vivo X21 (6+64GB),
Samsung,Samsung 三星 Galaxy C5 Pro,
ASUS,ASUS ZenFone 2 Laser 32GB (ZE550KL),
Motorola,Motorola Moto M,
Sony,Sony Xperia M2 Dual,
Xiaomi,Xiaomi 小米 Note 雙網頂配版,
Toshiba,Toshiba 東芝 Portege G910,
Samsung,Samsung 三星 Galaxy Gio S5660,
Nubia,Nubia Z7 Mini Dua SIM 4G,
Tonino,Tonino Lamborghini Alpha-One,
LG,LG 樂金 G4 Stylus,
FREETEL,FREETEL REI 麗,
Apple,Apple iPhone 5C 8GB,
ASK,ASK SP628,
Lenovo,Lenovo 樂檬Note A7000+,
Samsung,Samsung 三星 Galaxy Note 4 (32GB) SM-N910U,
LG,LG 樂金 ZERO H650,
ASUS,ASUS ZenFone 2 ZE551ML (4+32GB) 香港版,
Samsung,Samsung 三星 Galaxy S8 64GB,
Sony,Sony Xperia Z5 Premium Dual,
LG,LG 樂金 G3 Cat.6 (F460S/K),
LG,LG 樂金 Optimus LTE II F160LV,
Oppo,Oppo R17 (8+128GB),
Xiaomi,Xiaomi 小米 Note Dual SIM,
Samsung,Samsung 三星 Galaxy Golden SHV-E400S,
Sony,Sony Xperia XA,
Samsung,Samsung 三星 Galaxy S9+ 128GB,
LG,LG 樂金 G5 LTE Dual Sim 32GB H860  ,
Sugar,Sugar Macaron,
Samsung,Samsung 三星 Galaxy S9+ 64GB,
LeEco樂視,LeEco樂視 Le 2 16GB X620 (停產),
LG,LG 樂金 G PRO 2,
LG,LG 樂金 Nexus 5 16GB,
ASK,ASK SP589,
Docomo,Docomo F-03D,
Samsung,Samsung 三星 Galaxy S9 (4+128GB),
Samsung,Samsung 三星 Galaxy S6 Edge 64GB,
Sony,Sony Xperia Z3 Compact,
LG,LG 樂金 G3 DUAL-LTE D858HK,
HTC,HTC Desire EYE,
Huawei,Huawei Mate 9 Porsche Design 256GB,
Samsung,Samsung 三星 Galaxy Note 5 64GB,
Samsung,Samsung 三星 Galaxy S10 5G (8+256GB),
LG,LG 樂金 G2 D802,
Vivo,Vivo X21 (6+128GB) 屏幕指紋版,
Samsung,Samsung 三星 Galaxy S10e (6+128GB),
Samsung,Samsung 三星 Galaxy S4 I9507V,
Xiaomi,Xiaomi 小米 紅米Note 4 高配版 64GB,
Sony,Sony Xperia SX,
Samsung,Samsung 三星 Galaxy Note II LTE SHV-E250,
Motorola,Motorola Moto Z2 Play,
Samsung,Samsung 三星 Galaxy Ace 3 GT-S7270 (3G),
ASUS,ASUS Zenfone 2 Deluxe ZE551ML (16GB+4GB),
Samsung,Samsung 三星 Galaxy J7 Prime,
ASUS,ASUS Zenfone 2 Deluxe ZE551ML (64GB+4GB),
HTC,HTC S730,
Meizu,Meizu 魅族 C9 Pro (3+32GB),
Vertu,Vertu Ti,
Samsung,Samsung 三星 Galaxy S7 Edge (G935F) DUAL SIM,
Samsung,Samsung 三星 Galaxy C8 32GB,
Sony,Sony Xperia C5 Ultra Dual,
Akai,Akai 雅佳 A380,
Sony,Sony Xperia Z1 Compact,
Samsung,Samsung 三星 Galaxy S7 64GB,
BlackBerry,BlackBerry Porsche Design P’9983,
Pantech,Pantech Vega No.6,
i-Touch,i-Touch HD99+,
i-Touch,i-Touch MX500,
Meizu,Meizu 魅族 17 5G (8+128GB),
Vivo,Vivo X70 Pro 5G (8+128GB),
Vivo,Vivo X70 Pro 5G (12+256GB),
Vivo,Vivo Y81 (3+32GB),
Vivo,Vivo Y85 (4+32GB) 香港版,
Samsung,Samsung 三星 Galaxy J6+ (J610) (3+32GB),
Samsung,Samsung 三星 Galaxy J6+ (J610) (4+64GB),
Samsung,Samsung 三星 Galaxy J2 Pro (J250F),
Vivo,Vivo S7e 5G (8+128GB),
Huawei,Huawei Nova 8 SE 高配版 (8+128GB),
realme,realme Neo3 5G (8+256GB),
黑鯊,黑鯊 遊戲手機 Helo (8+128GB),
Huawei,Huawei 暢享20 Pro 5G (6+128GB),
Honor,Honor 榮耀 30 青春版 (6+128GB),
Xiaomi,Xiaomi 小米 Play (6+128GB),
Xiaomi,Xiaomi 小米 Play (4+64GB),
Vivo,Vivo X27 (6+128GB),
China,China Mobile 中國移動 A3s,
Honor,Honor 榮耀 50 Lite (8+128GB),
